"login","first_name","last_name","email","password"
"konovalova.valeriya","Коновалова","Валерия","konovalova.valeriya@gleichnerbashirianandmann.ru","konovalova.valeriya"
"stanislav_aksenov","Станислав","Аксенов","stanislav_aksenov@considine-price.ru","stanislav_aksenov"
"eduard.belousov","Эдуард","Белоусов","eduard.belousov@bradtkeandsons.ru","eduard.belousov"
"anna.vasilyeva","Анна","Васильева","anna.vasilyeva@block-fahey.ru","anna.vasilyeva"
"myevgeniy59","Марков","Евгений","myevgeniy59@blandallc.ru","myevgeniy59"
"alla_viktorovna","Алла","Викторовна","alla_viktorovna@swiftgroup.ru","alla_viktorovna"
"daniil.bragin","Даниил","Брагин","daniil.bragin@morarconnandgrady.ru","daniil.bragin"
"sdaniil77","Суханов","Даниил","sdaniil77@blandallc.ru","sdaniil77"
"valeriy.samoylov","Валерий","Самойлов","valeriy.samoylov@willmsandsons.ru","valeriy.samoylov"
"vgalina55","Вишнякова","Галина","vgalina55@auer-lockman.ru","vgalina55"
"msamsonova84","Маргарита","Самсонова","msamsonova84@ortizbaumbachandlang.ru","msamsonova84"
"strelkov_yegor","Стрелков","Егор","strelkov_yegor@will-cartwright.ru","strelkov_yegor"
"plavrentiy59","Павлов","Лаврентий","plavrentiy59@ortizbaumbachandlang.ru","plavrentiy59"
"danilova.larisa","Данилова","Лариса","danilova.larisa@morarconnandgrady.ru","danilova.larisa"
"gerasimov.andrey","Герасимов","Андрей","gerasimov.andrey@muller-reichert.ru","gerasimov.andrey"
"dorofeyeva95","Зоя","Дорофеева","dorofeyeva95@hauck-ebert.ru","dorofeyeva95"
"borlov20","Борис","Орлов","borlov20@greengroup.ru","borlov20"
"tafanasyeva50","Татьяна","Афанасьева","tafanasyeva50@hauck-ebert.ru","tafanasyeva50"
"yevgeniy.lukich","Евгений","Лукич","yevgeniy.lukich@lindgrendooleyandtoy.ru","yevgeniy.lukich"
"valentin_gerasimov","Валентин","Герасимов","valentin_gerasimov@stoltenbergllc.ru","valentin_gerasimov"
"bolshakova_anhelika","Большакова","Анжелика","bolshakova_anhelika@heaneyandsons.ru","bolshakova_anhelika"
"idmitriyevich90","Игорь","Дмитриевич","idmitriyevich90@jacobsdoyleandparker.ru","idmitriyevich90"
"melnikova_galina","Мельникова","Галина","melnikova_galina@doyleinc.ru","melnikova_galina"
"artm_stepanovich","Артём","Степанович","artm_stepanovich@hudson-cormier.ru","artm_stepanovich"
"artm.sorokin","Артём","Сорокин","artm.sorokin@upton-thompson.ru","artm.sorokin"
"makarova_yevgeniya","Макарова","Евгения","makarova_yevgeniya@willmsandsons.ru","makarova_yevgeniya"
"filatova_kira","Филатова","Кира","filatova_kira@kutchbeckerandbergnaum.ru","filatova_kira"
"denisova.yuliya","Денисова","Юлия","denisova.yuliya@lindgrendooleyandtoy.ru","denisova.yuliya"
"maksimov_daniil","Максимов","Даниил","maksimov_daniil@feeney-ruecker.ru","maksimov_daniil"
"ktatyana46","Корнилова","Татьяна","ktatyana46@block-fahey.ru","ktatyana46"
"aleksandr_valentinovich","Александр","Валентинович","aleksandr_valentinovich@daugherty-reichel.ru","aleksandr_valentinovich"
"ivan_voronov","Иван","Воронов","ivan_voronov@brekke-rippin.ru","ivan_voronov"
"avarvara35","Авдеева","Варвара","avarvara35@braun-lind.ru","avarvara35"
"aleksandra.makarova","Александра","Макарова","aleksandra.makarova@daugherty-reichel.ru","aleksandra.makarova"
"anatoliy.volkov","Анатолий","Волков","anatoliy.volkov@whitewardandheller.ru","anatoliy.volkov"
"mrogova9","Мария","Рогова","mrogova9@auer-lockman.ru","mrogova9"
"gavrilova.aleksandra","Гаврилова","Александра","gavrilova.aleksandra@bradtkeandsons.ru","gavrilova.aleksandra"
"beduard45","Буров","Эдуард","beduard45@hermannllc.ru","beduard45"
"shiryayev_gennadiy","Ширяев","Геннадий","shiryayev_gennadiy@stoltenbergllc.ru","shiryayev_gennadiy"
"aytseva.ulyana","Зайцева","Ульяна","aytseva.ulyana@feeney-ruecker.ru","aytseva.ulyana"
"gordeyeva.viktoriya","Гордеева","Виктория","gordeyeva.viktoriya@upton-thompson.ru","gordeyeva.viktoriya"
"mmatveyevna50","Марина","Матвеевна","mmatveyevna50@auer-lockman.ru","mmatveyevna50"
"vorobyeva.hanna","Воробьева","Жанна","vorobyeva.hanna@swiftgroup.ru","vorobyeva.hanna"
"kolobov_yuriy","Колобов","Юрий","kolobov_yuriy@hermannllc.ru","kolobov_yuriy"
"alevtina.petukhova","Алевтина","Петухова","alevtina.petukhova@gloverandsons.ru","alevtina.petukhova"
"pyevgeniy84","Петров","Евгений","pyevgeniy84@rennerboganandrohan.ru","pyevgeniy84"
"gulyayeva_galina","Гуляева","Галина","gulyayeva_galina@auer-lockman.ru","gulyayeva_galina"
"igennadiy17","Иванов","Геннадий","igennadiy17@konopelski-cormier.ru","igennadiy17"
"valentin.olegovich","Валентин","Олегович","valentin.olegovich@daugherty-reichel.ru","valentin.olegovich"
"byevseyev29","Борис","Евсеев","byevseyev29@hansencollinsandking.ru","byevseyev29"
"pgalina85","Прохорова","Галина","pgalina85@bergeandsons.ru","pgalina85"
"viktor.hdanov","Виктор","Жданов","viktor.hdanov@gloverandsons.ru","viktor.hdanov"
"strelkova_nina","Стрелкова","Нина","strelkova_nina@will-cartwright.ru","strelkova_nina"
"rvalentina4","Рогова","Валентина","rvalentina4@bergeandsons.ru","rvalentina4"
"mikhaylov.oleg","Михайлов","Олег","mikhaylov.oleg@harris-mayert.ru","mikhaylov.oleg"
"seleneva_alla","Селезнева","Алла","seleneva_alla@runolfsdottir-watsica.ru","seleneva_alla"
"akonstantinova78","Антонина","Константинова","akonstantinova78@rennerboganandrohan.ru","akonstantinova78"
"shanna59","Щукина","Жанна","shanna59@lindgrendooleyandtoy.ru","shanna59"
"yaroslav.yegorovich","Ярослав","Егорович","yaroslav.yegorovich@wolff-pouros.ru","yaroslav.yegorovich"
"oksana_voronova","Оксана","Воронова","oksana_voronova@carter-rice.ru","oksana_voronova"
"ylytkin49","Егор","Лыткин","ylytkin49@ortizbaumbachandlang.ru","ylytkin49"
"bsofiya63","Богданова","София","bsofiya63@thiel-stoltenberg.ru","bsofiya63"
"ystepanovna84","Евгения","Степановна","ystepanovna84@konopelski-cormier.ru","ystepanovna84"
"iilich68","Игнатий","Ильич","iilich68@lindgrendooleyandtoy.ru","iilich68"
"vorobyeva.oya","Воробьева","Зоя","vorobyeva.oya@braun-lind.ru","vorobyeva.oya"
"konstantin_arkhipov","Константин","Архипов","konstantin_arkhipov@rennerboganandrohan.ru","konstantin_arkhipov"
"filippova_lyudmila","Филиппова","Людмила","filippova_lyudmila@kutchbeckerandbergnaum.ru","filippova_lyudmila"
"nirina68","Никифорова","Ирина","nirina68@torphybodeandrosenbaum.ru","nirina68"
"shcherbakov.vasiliy","Щербаков","Василий","shcherbakov.vasiliy@krajcik-carroll.ru","shcherbakov.vasiliy"
"volkov_vasiliy","Волков","Василий","volkov_vasiliy@hudson-cormier.ru","volkov_vasiliy"
"auvarova40","Арина","Уварова","auvarova40@swiftgroup.ru","auvarova40"
"adenisovich77","Александр","Денисович","adenisovich77@gloverandsons.ru","adenisovich77"
"fdor_germanovich","Фёдор","Германович","fdor_germanovich@willmsandsons.ru","fdor_germanovich"
"msokolov93","Михаил","Соколов","msokolov93@heaneyandsons.ru","msokolov93"
"yevgeniy.kolov","Евгений","Козлов","yevgeniy.kolov@blandallc.ru","yevgeniy.kolov"
"makarov_vladislav","Макаров","Владислав","makarov_vladislav@block-fahey.ru","makarov_vladislav"
"kyevgeniy84","Комаров","Евгений","kyevgeniy84@hudson-cormier.ru","kyevgeniy84"
"gdenisovna9","Галина","Денисовна","gdenisovna9@morarconnandgrady.ru","gdenisovna9"
"oleg.baranov","Олег","Баранов","oleg.baranov@schummllc.ru","oleg.baranov"
"syevgeniya44","Шашкова","Евгения","syevgeniya44@hansencollinsandking.ru","syevgeniya44"
"yelena.noskova","Елена","Носкова","yelena.noskova@example.com","yelena.noskova"
"koshelev_valeriy","Кошелев","Валерий","koshelev_valeriy@hudson-cormier.ru","koshelev_valeriy"
"medvedeva_anna","Медведева","Анна","medvedeva_anna@hauck-ebert.ru","medvedeva_anna"
"dorofeyev_valeriy","Дорофеев","Валерий","dorofeyev_valeriy@kutchbeckerandbergnaum.ru","dorofeyev_valeriy"
"arseniy_lavrentyevich","Арсений","Лаврентьевич","arseniy_lavrentyevich@hermannllc.ru","arseniy_lavrentyevich"
"valentin_georgiyevich","Валентин","Георгиевич","valentin_georgiyevich@hillsandsons.ru","valentin_georgiyevich"
"soboleva.nina","Соболева","Нина","soboleva.nina@doyleinc.ru","soboleva.nina"
"stepan.akharov","Степан","Захаров","stepan.akharov@thiel-stoltenberg.ru","stepan.akharov"
"oaleksandr91","Орлов","Александр","oaleksandr91@carter-rice.ru","oaleksandr91"
"veronika.yaroslavovna","Вероника","Ярославовна","veronika.yaroslavovna@swiftgroup.ru","veronika.yaroslavovna"
"taisiya.kulagina","Таисия","Кулагина","taisiya.kulagina@greengroup.ru","taisiya.kulagina"
"pvasilisa59","Потапова","Василиса","pvasilisa59@whitewardandheller.ru","pvasilisa59"
"yeliaveta.semnovna","Елизавета","Семёновна","yeliaveta.semnovna@waelchiandsons.ru","yeliaveta.semnovna"
"aleksey.hukov","Алексей","Жуков","aleksey.hukov@runolfsdottir-watsica.ru","aleksey.hukov"
"olga_laareva","Ольга","Лазарева","olga_laareva@harris-bernhard.ru","olga_laareva"
"anna31","Зыкова","Анна","anna31@swiftgroup.ru","anna31"
"kovaleva_kseniya","Ковалева","Ксения","kovaleva_kseniya@hauck-ebert.ru","kovaleva_kseniya"
"moiseyeva.lidiya","Моисеева","Лидия","moiseyeva.lidiya@doyleinc.ru","moiseyeva.lidiya"
"kulikov.nikolay","Куликов","Николай","kulikov.nikolay@stoltenbergllc.ru","kulikov.nikolay"
"aakharova46","Ангелина","Захарова","aakharova46@runolfsdottir-watsica.ru","aakharova46"
"lfedotova87","Лидия","Федотова","lfedotova87@bradtkeandsons.ru","lfedotova87"
"banatoliy51","Борисов","Анатолий","banatoliy51@kutchbeckerandbergnaum.ru","banatoliy51"
"llavrentyevich36","Лука","Лаврентьевич","llavrentyevich36@harris-bernhard.ru","llavrentyevich36"
"akornilova30","Анжела","Корнилова","akornilova30@bergeandsons.ru","akornilova30"
"stepan_anatolyevich","Степан","Анатольевич","stepan_anatolyevich@willmsandsons.ru","stepan_anatolyevich"
"sivanovna25","Светлана","Ивановна","sivanovna25@quitzoninc.ru","sivanovna25"
"soboleva.alina","Соболева","Алина","soboleva.alina@swiftgroup.ru","soboleva.alina"
"klarisa55","Калинина","Лариса","klarisa55@muller-reichert.ru","klarisa55"
"aleksandr.doronin","Александр","Доронин","aleksandr.doronin@hillsandsons.ru","aleksandr.doronin"
"merkusheva_anhelika","Меркушева","Анжелика","merkusheva_anhelika@schummllc.ru","merkusheva_anhelika"
"aleksandr_romanovich","Александр","Романович","aleksandr_romanovich@kutchbeckerandbergnaum.ru","aleksandr_romanovich"
"gartm89","Гришин","Артём","gartm89@carter-rice.ru","gartm89"
"ilin_lavrentiy","Ильин","Лаврентий","ilin_lavrentiy@hudsonkreigerandkling.ru","ilin_lavrentiy"
"suvorov.mikhail","Суворов","Михаил","suvorov.mikhail@lebsackmcglynnandherzog.ru","suvorov.mikhail"
"vinogradov_eduard","Виноградов","Эдуард","vinogradov_eduard@krajcik-carroll.ru","vinogradov_eduard"
"svetlana_kolobova","Светлана","Колобова","svetlana_kolobova@torphybodeandrosenbaum.ru","svetlana_kolobova"
"makar_matveyevich","Макар","Матвеевич","makar_matveyevich@bergeandsons.ru","makar_matveyevich"
"dpopov47","Денис","Попов","dpopov47@heaneyandsons.ru","dpopov47"
"sofiya_nikolayevna","София","Николаевна","sofiya_nikolayevna@whitewardandheller.ru","sofiya_nikolayevna"
"gorshkov_andrey","Горшков","Андрей","gorshkov_andrey@hudson-cormier.ru","gorshkov_andrey"
"mmaksimovich39","Михаил","Максимович","mmaksimovich39@quitzoninc.ru","mmaksimovich39"
"ysemenov77","Евгений","Семенов","ysemenov77@lebsackmcglynnandherzog.ru","ysemenov77"
"vmelnikov9","Вячеслав","Мельников","vmelnikov9@muller-reichert.ru","vmelnikov9"
"mikhail.matveyevich","Михаил","Матвеевич","mikhail.matveyevich@heaneyandsons.ru","mikhail.matveyevich"
"yyaroslavovna56","Екатерина","Ярославовна","yyaroslavovna56@walter-conn.ru","yyaroslavovna56"
"anisimova.nadehda","Анисимова","Надежда","anisimova.nadehda@stoltenbergllc.ru","anisimova.nadehda"
"saleksey78","Шарапов","Алексей","saleksey78@feeney-ruecker.ru","saleksey78"
"bogdanova.larisa","Богданова","Лариса","bogdanova.larisa@torphybodeandrosenbaum.ru","bogdanova.larisa"
"kanton96","Калашников","Антон","kanton96@hillsandsons.ru","kanton96"
"kiseleva_regina","Киселева","Регина","kiseleva_regina@auer-lockman.ru","kiseleva_regina"
"tfdorovna44","Тамара","Фёдоровна","tfdorovna44@bradtkeandsons.ru","tfdorovna44"
"vyacheslav.naumov","Вячеслав","Наумов","vyacheslav.naumov@wolff-pouros.ru","vyacheslav.naumov"
"akolesnikova69","Алевтина","Колесникова","akolesnikova69@swift-stoltenberg.ru","akolesnikova69"
"huravleva_alevtina","Журавлева","Алевтина","huravleva_alevtina@ortizbaumbachandlang.ru","huravleva_alevtina"
"alevtina.mikhaylovna","Алевтина","Михайловна","alevtina.mikhaylovna@daugherty-reichel.ru","alevtina.mikhaylovna"
"vasiliy_denisovich","Василий","Денисович","vasiliy_denisovich@feeney-ruecker.ru","vasiliy_denisovich"
"oleg_lukich","Олег","Лукич","oleg_lukich@heaneyandsons.ru","oleg_lukich"
"gordeyeva_yevgeniya","Гордеева","Евгения","gordeyeva_yevgeniya@auer-lockman.ru","gordeyeva_yevgeniya"
"fklavdiya7","Филатова","Клавдия","fklavdiya7@swiftgroup.ru","fklavdiya7"
"pavlova_valentina","Павлова","Валентина","pavlova_valentina@rennerboganandrohan.ru","pavlova_valentina"
"ignatiy.suvorov","Игнатий","Суворов","ignatiy.suvorov@wolff-pouros.ru","ignatiy.suvorov"
"gerasimov_luka","Герасимов","Лука","gerasimov_luka@quitzoninc.ru","gerasimov_luka"
"marina_hukova","Марина","Жукова","marina_hukova@muller-reichert.ru","marina_hukova"
"adaniil33","Аксенов","Даниил","adaniil33@feeney-ruecker.ru","adaniil33"
"olga.afanasyeva","Ольга","Афанасьева","olga.afanasyeva@muller-reichert.ru","olga.afanasyeva"
"ygrishina31","Екатерина","Гришина","ygrishina31@willmsandsons.ru","ygrishina31"
"vadim.semnovich","Вадим","Семёнович","vadim.semnovich@ortizbaumbachandlang.ru","vadim.semnovich"
"afokina46","Антонида","Фокина","afokina46@carter-rice.ru","afokina46"
"denis.artmovich","Денис","Артёмович","denis.artmovich@whitewardandheller.ru","denis.artmovich"
"nina.gorshkova","Нина","Горшкова","nina.gorshkova@thiel-stoltenberg.ru","nina.gorshkova"
"krylova_alla","Крылова","Алла","krylova_alla@johnsonkonopelskiandgoyette.ru","krylova_alla"
"bboris81","Бобылев","Борис","bboris81@will-cartwright.ru","bboris81"
"sokolov_ivan","Соколов","Иван","sokolov_ivan@block-fahey.ru","sokolov_ivan"
"turova_valeriya","Турова","Валерия","turova_valeriya@block-fahey.ru","turova_valeriya"
"dementyeva_margarita","Дементьева","Маргарита","dementyeva_margarita@daugherty-reichel.ru","dementyeva_margarita"
"shchukin.german","Щукин","Герман","shchukin.german@hauck-ebert.ru","shchukin.german"
"milya37","Маслов","Илья","milya37@bergeandsons.ru","milya37"
"moiseyev.gennadiy","Моисеев","Геннадий","moiseyev.gennadiy@heaneyandsons.ru","moiseyev.gennadiy"
"filatov_valentin","Филатов","Валентин","filatov_valentin@considine-price.ru","filatov_valentin"
"kulagina.varvara","Кулагина","Варвара","kulagina.varvara@daugherty-reichel.ru","kulagina.varvara"
"akomissarov49","Алексей","Комиссаров","akomissarov49@morarconnandgrady.ru","akomissarov49"
"rohkova_anhelika","Рожкова","Анжелика","rohkova_anhelika@whitewardandheller.ru","rohkova_anhelika"
"sergey_yevgenyevich","Сергей","Евгеньевич","sergey_yevgenyevich@hansencollinsandking.ru","sergey_yevgenyevich"
"makar_maksimovich","Макар","Максимович","makar_maksimovich@hauck-ebert.ru","makar_maksimovich"
"gushchina.kira","Гущина","Кира","gushchina.kira@schummllc.ru","gushchina.kira"
"alna_komarova","Алёна","Комарова","alna_komarova@torphybodeandrosenbaum.ru","alna_komarova"
"stanislav.lavrentyev","Станислав","Лаврентьев","stanislav.lavrentyev@willmsandsons.ru","stanislav.lavrentyev"
"vmoiseyeva22","Вероника","Моисеева","vmoiseyeva22@hauck-ebert.ru","vmoiseyeva22"
"matvey.kopylov","Матвей","Копылов","matvey.kopylov@hansencollinsandking.ru","matvey.kopylov"
"klavdiya.fomicheva","Клавдия","Фомичева","klavdiya.fomicheva@hudson-cormier.ru","klavdiya.fomicheva"
"ivitalyevich28","Игорь","Витальевич","ivitalyevich28@gloverandsons.ru","ivitalyevich28"
"alevtina.strelkova","Алевтина","Стрелкова","alevtina.strelkova@blandallc.ru","alevtina.strelkova"
"vera.samoylova","Вера","Самойлова","vera.samoylova@swiftgroup.ru","vera.samoylova"
"mukhina.yevgeniya","Мухина","Евгения","mukhina.yevgeniya@block-fahey.ru","mukhina.yevgeniya"
"olga.albertovna","Ольга","Альбертовна","olga.albertovna@runolfsdottir-watsica.ru","olga.albertovna"
"kopylov.leonid","Копылов","Леонид","kopylov.leonid@blandallc.ru","kopylov.leonid"
"orekhov_viktor","Орехов","Виктор","orekhov_viktor@quitzoninc.ru","orekhov_viktor"
"kboris25","Ковалев","Борис","kboris25@hauck-ebert.ru","kboris25"
"yekaterina.komarova","Екатерина","Комарова","yekaterina.komarova@whitewardandheller.ru","yekaterina.komarova"
"vera_loginova","Вера","Логинова","vera_loginova@bergeandsons.ru","vera_loginova"
"vandreyevna11","Вера","Андреевна","vandreyevna11@morarconnandgrady.ru","vandreyevna11"
"rsukhanova80","Римма","Суханова","rsukhanova80@wolff-pouros.ru","rsukhanova80"
"arina_gushchina","Арина","Гущина","arina_gushchina@harris-mayert.ru","arina_gushchina"
"sysoyev.arkadiy","Сысоев","Аркадий","sysoyev.arkadiy@muller-reichert.ru","sysoyev.arkadiy"
"gennadiy_olegovich","Геннадий","Олегович","gennadiy_olegovich@feeney-ruecker.ru","gennadiy_olegovich"
"stanislav_samsonov","Станислав","Самсонов","stanislav_samsonov@whitewardandheller.ru","stanislav_samsonov"
"ignatiy.denisovich","Игнатий","Денисович","ignatiy.denisovich@stoltenbergllc.ru","ignatiy.denisovich"
"svasilyevich18","Станислав","Васильевич","svasilyevich18@harris-mayert.ru","svasilyevich18"
"bogdanova.klavdiya","Богданова","Клавдия","bogdanova.klavdiya@morarconnandgrady.ru","bogdanova.klavdiya"
"yefimova_vasilisa","Ефимова","Василиса","yefimova_vasilisa@gleichnerbashirianandmann.ru","yefimova_vasilisa"
"denisov_albert","Денисов","Альберт","denisov_albert@brekke-rippin.ru","denisov_albert"
"saleksey85","Сергеев","Алексей","saleksey85@brekke-rippin.ru","saleksey85"
"moroova_regina","Морозова","Регина","moroova_regina@lindgrendooleyandtoy.ru","moroova_regina"
"ynikolayev44","Ярослав","Николаев","ynikolayev44@kutchbeckerandbergnaum.ru","ynikolayev44"
"sitnikov_konstantin","Ситников","Константин","sitnikov_konstantin@muller-reichert.ru","sitnikov_konstantin"
"voronova_anna","Воронова","Анна","voronova_anna@hudson-cormier.ru","voronova_anna"
"denis.gushchin","Денис","Гущин","denis.gushchin@harris-bernhard.ru","denis.gushchin"
"simin10","Степан","Зимин","simin10@carter-rice.ru","simin10"
"margarita.romanovna","Маргарита","Романовна","margarita.romanovna@hermannllc.ru","margarita.romanovna"
"maslov_matvey","Маслов","Матвей","maslov_matvey@swift-stoltenberg.ru","maslov_matvey"
"arkadiy_rohkov","Аркадий","Рожков","arkadiy_rohkov@quitzoninc.ru","arkadiy_rohkov"
"albert.fdorovich","Альберт","Фёдорович","albert.fdorovich@waelchiandsons.ru","albert.fdorovich"
"amoroov86","Артём","Морозов","amoroov86@auer-lockman.ru","amoroov86"
"inaida_makarovna","Зинаида","Макаровна","inaida_makarovna@torphybodeandrosenbaum.ru","inaida_makarovna"
"larisa_larionova","Лариса","Ларионова","larisa_larionova@gleichnerbashirianandmann.ru","larisa_larionova"
"anhela_arkhipova","Анжела","Архипова","anhela_arkhipova@quitzoninc.ru","anhela_arkhipova"
"irogov33","Игорь","Рогов","irogov33@hauck-ebert.ru","irogov33"
"kvasiliy45","Кабанов","Василий","kvasiliy45@block-fahey.ru","kvasiliy45"
"likhacheva_lidiya","Лихачева","Лидия","likhacheva_lidiya@rennerboganandrohan.ru","likhacheva_lidiya"
"anna_yegorovna","Анна","Егоровна","anna_yegorovna@doyleinc.ru","anna_yegorovna"
"vishnyakov.dmitriy","Вишняков","Дмитрий","vishnyakov.dmitriy@morarconnandgrady.ru","vishnyakov.dmitriy"
"margarita.eduardovna","Маргарита","Эдуардовна","margarita.eduardovna@hillsandsons.ru","margarita.eduardovna"
"anastasiya.vasilyevna","Анастасия","Васильевна","anastasiya.vasilyevna@johnsonkonopelskiandgoyette.ru","anastasiya.vasilyevna"
"golubev_ivan","Голубев","Иван","golubev_ivan@bergeandsons.ru","golubev_ivan"
"vasilisa_noskova","Василиса","Носкова","vasilisa_noskova@hansencollinsandking.ru","vasilisa_noskova"
"geduard77","Гуляев","Эдуард","geduard77@upton-thompson.ru","geduard77"
"aignatyevna8","Ангелина","Игнатьевна","aignatyevna8@daugherty-reichel.ru","aignatyevna8"
"veselov.stepan","Веселов","Степан","veselov.stepan@blandallc.ru","veselov.stepan"
"kdaniil63","Куликов","Даниил","kdaniil63@walter-conn.ru","kdaniil63"
"eduard_gulyayev","Эдуард","Гуляев","eduard_gulyayev@konopelski-cormier.ru","eduard_gulyayev"
"ivladislavovich97","Иван","Владиславович","ivladislavovich97@gleichnerbashirianandmann.ru","ivladislavovich97"
"svetlana.fdorovna","Светлана","Фёдоровна","svetlana.fdorovna@konopelski-cormier.ru","svetlana.fdorovna"
"taisiya_maksimovna","Таисия","Максимовна","taisiya_maksimovna@morarconnandgrady.ru","taisiya_maksimovna"
"aigorevna96","Анастасия","Игоревна","aigorevna96@will-cartwright.ru","aigorevna96"
"avdeyev.vadim","Авдеев","Вадим","avdeyev.vadim@will-cartwright.ru","avdeyev.vadim"
"svasilisa33","Сысоева","Василиса","svasilisa33@will-cartwright.ru","svasilisa33"
"kotov.luka","Котов","Лука","kotov.luka@block-fahey.ru","kotov.luka"
"dmitriy.germanovich","Дмитрий","Германович","dmitriy.germanovich@morarconnandgrady.ru","dmitriy.germanovich"
"rodionova.inaida","Родионова","Зинаида","rodionova.inaida@hauck-ebert.ru","rodionova.inaida"
"hdanova_yevgeniya","Жданова","Евгения","hdanova_yevgeniya@schummllc.ru","hdanova_yevgeniya"
"fkornilov20","Фёдор","Корнилов","fkornilov20@greengroup.ru","fkornilov20"
"eduard_igorevich","Эдуард","Игоревич","eduard_igorevich@hansencollinsandking.ru","eduard_igorevich"
"vasiliy_golubev","Василий","Голубев","vasiliy_golubev@torphybodeandrosenbaum.ru","vasiliy_golubev"
"valeriy_vyacheslavovich","Валерий","Вячеславович","valeriy_vyacheslavovich@whitewardandheller.ru","valeriy_vyacheslavovich"
"larisa.golubeva","Лариса","Голубева","larisa.golubeva@bradtkeandsons.ru","larisa.golubeva"
"margarita_karpova","Маргарита","Карпова","margarita_karpova@quitzoninc.ru","margarita_karpova"
"markadiy9","Мамонтов","Аркадий","markadiy9@swift-stoltenberg.ru","markadiy9"
"cluka76","Чернов","Лука","cluka76@harris-mayert.ru","cluka76"
"fedoseyev_arkadiy","Федосеев","Аркадий","fedoseyev_arkadiy@will-cartwright.ru","fedoseyev_arkadiy"
"yefimova.kseniya","Ефимова","Ксения","yefimova.kseniya@daugherty-reichel.ru","yefimova.kseniya"
"kudryashov.dmitriy","Кудряшов","Дмитрий","kudryashov.dmitriy@stoltenbergllc.ru","kudryashov.dmitriy"
"klavdiya_valentinovna","Клавдия","Валентиновна","klavdiya_valentinovna@hansencollinsandking.ru","klavdiya_valentinovna"
"pvalentina88","Пономарева","Валентина","pvalentina88@bradtkeandsons.ru","pvalentina88"
"yakovleva_antonida","Яковлева","Антонида","yakovleva_antonida@lindgrendooleyandtoy.ru","yakovleva_antonida"
"ayevgeniya3","Афанасьева","Евгения","ayevgeniya3@schummllc.ru","ayevgeniya3"
"vshcherbakov46","Владимир","Щербаков","vshcherbakov46@brekke-rippin.ru","vshcherbakov46"
"martynov_sergey","Мартынов","Сергей","martynov_sergey@lebsackmcglynnandherzog.ru","martynov_sergey"
"smarina30","Суворова","Марина","smarina30@stoltenbergllc.ru","smarina30"
"yemelyanova_tamara","Емельянова","Тамара","yemelyanova_tamara@stoltenbergllc.ru","yemelyanova_tamara"
"kovaleva_arina","Ковалева","Арина","kovaleva_arina@whitewardandheller.ru","kovaleva_arina"
"shchukin_igor","Щукин","Игорь","shchukin_igor@runolfsdottir-watsica.ru","shchukin_igor"
"kyevgeniy87","Карпов","Евгений","kyevgeniy87@carter-rice.ru","kyevgeniy87"
"darya_lavrentyevna","Дарья","Лаврентьевна","darya_lavrentyevna@carter-rice.ru","darya_lavrentyevna"
"arseniy_rusakov","Арсений","Русаков","arseniy_rusakov@torphybodeandrosenbaum.ru","arseniy_rusakov"
"ianton24","Игнатьев","Антон","ianton24@will-cartwright.ru","ianton24"
"polyakov_yevgeniy","Поляков","Евгений","polyakov_yevgeniy@johnsonkonopelskiandgoyette.ru","polyakov_yevgeniy"
"vadim.martynov","Вадим","Мартынов","vadim.martynov@stoltenbergllc.ru","vadim.martynov"
"gordeyeva_alevtina","Гордеева","Алевтина","gordeyeva_alevtina@harris-bernhard.ru","gordeyeva_alevtina"
"anfisa.vitalyevna","Анфиса","Витальевна","anfisa.vitalyevna@gloverandsons.ru","anfisa.vitalyevna"
"aleksey.kabanov","Алексей","Кабанов","aleksey.kabanov@block-fahey.ru","aleksey.kabanov"
"agafonov.anton","Агафонов","Антон","agafonov.anton@hillsandsons.ru","agafonov.anton"
"vdmitriyevich22","Василий","Дмитриевич","vdmitriyevich22@bergeandsons.ru","vdmitriyevich22"
"asimonova98","Арина","Симонова","asimonova98@krajcik-carroll.ru","asimonova98"
"gordeyev.anton","Гордеев","Антон","gordeyev.anton@johnsonkonopelskiandgoyette.ru","gordeyev.anton"
"kabanova_oksana","Кабанова","Оксана","kabanova_oksana@gloverandsons.ru","kabanova_oksana"
"vladimirov.georgiy","Владимиров","Георгий","vladimirov.georgiy@kutchbeckerandbergnaum.ru","vladimirov.georgiy"
"yakushev_aleksandr","Якушев","Александр","yakushev_aleksandr@lebsackmcglynnandherzog.ru","yakushev_aleksandr"
"rkolova36","Регина","Козлова","rkolova36@doyleinc.ru","rkolova36"
"safonov_stanislav","Сафонов","Станислав","safonov_stanislav@jacobsdoyleandparker.ru","safonov_stanislav"
"german.artmovich","Герман","Артёмович","german.artmovich@wolff-pouros.ru","german.artmovich"
"pviktor3","Пестов","Виктор","pviktor3@braun-lind.ru","pviktor3"
"panov.vladimir","Панов","Владимир","panov.vladimir@hansencollinsandking.ru","panov.vladimir"
"rimma.sitnikova","Римма","Ситникова","rimma.sitnikova@bergeandsons.ru","rimma.sitnikova"
"matvey_fomichev","Матвей","Фомичев","matvey_fomichev@block-fahey.ru","matvey_fomichev"
"german_lukich","Герман","Лукич","german_lukich@block-fahey.ru","german_lukich"
"oksana.mikheyeva","Оксана","Михеева","oksana.mikheyeva@swift-stoltenberg.ru","oksana.mikheyeva"
"rkulakova48","Раиса","Кулакова","rkulakova48@feeney-ruecker.ru","rkulakova48"
"gignatiy38","Гаврилов","Игнатий","gignatiy38@swift-stoltenberg.ru","gignatiy38"
"yilya77","Егоров","Илья","yilya77@hillsandsons.ru","yilya77"
"byuriy59","Баранов","Юрий","byuriy59@upton-thompson.ru","byuriy59"
"ryabova.inaida","Рябова","Зинаида","ryabova.inaida@block-fahey.ru","ryabova.inaida"
"tartmovna57","Таисия","Артёмовна","tartmovna57@will-cartwright.ru","tartmovna57"
"daniil.stepanovich","Даниил","Степанович","daniil.stepanovich@hudsonkreigerandkling.ru","daniil.stepanovich"
"vstrelkova10","Василиса","Стрелкова","vstrelkova10@morarconnandgrady.ru","vstrelkova10"
"regina.georgiyevna","Регина","Георгиевна","regina.georgiyevna@block-fahey.ru","regina.georgiyevna"
"daniil_vyacheslavovich","Даниил","Вячеславович","daniil_vyacheslavovich@waelchiandsons.ru","daniil_vyacheslavovich"
"karpov.matvey","Карпов","Матвей","karpov.matvey@swiftgroup.ru","karpov.matvey"
"mguryev93","Максим","Гурьев","mguryev93@thiel-stoltenberg.ru","mguryev93"
"albert_moroov","Альберт","Морозов","albert_moroov@torphybodeandrosenbaum.ru","albert_moroov"
"merkusheva_anastasiya","Меркушева","Анастасия","merkusheva_anastasiya@gleichnerbashirianandmann.ru","merkusheva_anastasiya"
"rigorevich6","Роман","Игоревич","rigorevich6@will-cartwright.ru","rigorevich6"
"idmitriyevich49","Игорь","Дмитриевич","idmitriyevich49@hermannllc.ru","idmitriyevich49"
"gromov.aleksandr","Громов","Александр","gromov.aleksandr@walter-conn.ru","gromov.aleksandr"
"blinova_alna","Блинова","Алёна","blinova_alna@torphybodeandrosenbaum.ru","blinova_alna"
"avdeyeva_lyudmila","Авдеева","Людмила","avdeyeva_lyudmila@johnsonkonopelskiandgoyette.ru","avdeyeva_lyudmila"
"antonina_vorobyeva","Антонина","Воробьева","antonina_vorobyeva@walter-conn.ru","antonina_vorobyeva"
"klavdiya_lavrentyeva","Клавдия","Лаврентьева","klavdiya_lavrentyeva@swift-stoltenberg.ru","klavdiya_lavrentyeva"
"german.kumin","Герман","Кузьмин","german.kumin@greengroup.ru","german.kumin"
"soboleva_regina","Соболева","Регина","soboleva_regina@johnsonkonopelskiandgoyette.ru","soboleva_regina"
"shubin_vasiliy","Шубин","Василий","shubin_vasiliy@kutchbeckerandbergnaum.ru","shubin_vasiliy"
"pdenis27","Панфилов","Денис","pdenis27@swift-stoltenberg.ru","pdenis27"
"anekrasova64","Ангелина","Некрасова","anekrasova64@lindgrendooleyandtoy.ru","anekrasova64"
"denis_gerasimov","Денис","Герасимов","denis_gerasimov@blandallc.ru","denis_gerasimov"
"grigoriy_dorofeyev","Григорий","Дорофеев","grigoriy_dorofeyev@walter-conn.ru","grigoriy_dorofeyev"
"titov.vyacheslav","Титов","Вячеслав","titov.vyacheslav@hudson-cormier.ru","titov.vyacheslav"
"amaksimovna83","Анжела","Максимовна","amaksimovna83@ortizbaumbachandlang.ru","amaksimovna83"
"igor.leonidovich","Игорь","Леонидович","igor.leonidovich@konopelski-cormier.ru","igor.leonidovich"
"krasilnikov_yegor","Красильников","Егор","krasilnikov_yegor@jacobsdoyleandparker.ru","krasilnikov_yegor"
"davydova.tatyana","Давыдова","Татьяна","davydova.tatyana@kutchbeckerandbergnaum.ru","davydova.tatyana"
"angelina.ivanovna","Ангелина","Ивановна","angelina.ivanovna@brekke-rippin.ru","angelina.ivanovna"
"ayevgenyevna92","Анастасия","Евгеньевна","ayevgenyevna92@hudson-cormier.ru","ayevgenyevna92"
"koshelev_artm","Кошелев","Артём","koshelev_artm@braun-lind.ru","koshelev_artm"
"anhelika.valentinovna","Анжелика","Валентиновна","anhelika.valentinovna@blandallc.ru","anhelika.valentinovna"
"yuriy18","Жуков","Юрий","yuriy18@waelchiandsons.ru","yuriy18"
"sokolov_yevgeniy","Соколов","Евгений","sokolov_yevgeniy@swiftgroup.ru","sokolov_yevgeniy"
"valentin.fdorovich","Валентин","Фёдорович","valentin.fdorovich@hudson-cormier.ru","valentin.fdorovich"
"ykonstantinovna14","Евгения","Константиновна","ykonstantinovna14@hillsandsons.ru","ykonstantinovna14"
"voronova_nina","Воронова","Нина","voronova_nina@johnsonkonopelskiandgoyette.ru","voronova_nina"
"rkornilova22","Римма","Корнилова","rkornilova22@whitewardandheller.ru","rkornilova22"
"nikolay.bobrov","Николай","Бобров","nikolay.bobrov@gloverandsons.ru","nikolay.bobrov"
"marina_vladimirovna","Марина","Владимировна","marina_vladimirovna@harris-mayert.ru","marina_vladimirovna"
"viktor_alekseyevich","Виктор","Алексеевич","viktor_alekseyevich@hermannllc.ru","viktor_alekseyevich"
"oleg.viktorovich","Олег","Викторович","oleg.viktorovich@walter-conn.ru","oleg.viktorovich"
"lidiya_saonova","Лидия","Сазонова","lidiya_saonova@will-cartwright.ru","lidiya_saonova"
"larisa_rodionova","Лариса","Родионова","larisa_rodionova@hudsonkreigerandkling.ru","larisa_rodionova"
"inaida.vishnyakova","Зинаида","Вишнякова","inaida.vishnyakova@harris-mayert.ru","inaida.vishnyakova"
"yuliya_stepanovna","Юлия","Степановна","yuliya_stepanovna@braun-lind.ru","yuliya_stepanovna"
"amaksimovna10","Ангелина","Максимовна","amaksimovna10@bradtkeandsons.ru","amaksimovna10"
"gulyayev.lavrentiy","Гуляев","Лаврентий","gulyayev.lavrentiy@hudson-cormier.ru","gulyayev.lavrentiy"
"oleg.kirillov","Олег","Кириллов","oleg.kirillov@harris-bernhard.ru","oleg.kirillov"
"boleg32","Бобров","Олег","boleg32@ortizbaumbachandlang.ru","boleg32"
"yeliseyev_mikhail","Елисеев","Михаил","yeliseyev_mikhail@morarconnandgrady.ru","yeliseyev_mikhail"
"popova_alna","Попова","Алёна","popova_alna@upton-thompson.ru","popova_alna"
"gavrilova_darya","Гаврилова","Дарья","gavrilova_darya@hermannllc.ru","gavrilova_darya"
"varvara_novikova","Варвара","Новикова","varvara_novikova@konopelski-cormier.ru","varvara_novikova"
"inaida.antonovna","Зинаида","Антоновна","inaida.antonovna@walter-conn.ru","inaida.antonovna"
"mmaksim20","Меркушев","Максим","mmaksim20@lindgrendooleyandtoy.ru","mmaksim20"
"kira_kolobova","Кира","Колобова","kira_kolobova@kutchbeckerandbergnaum.ru","kira_kolobova"
"vasilisa.semnovna","Василиса","Семёновна","vasilisa.semnovna@block-fahey.ru","vasilisa.semnovna"
"anatoliy.matveyev","Анатолий","Матвеев","anatoliy.matveyev@waelchiandsons.ru","anatoliy.matveyev"
"ulyana.akharova","Ульяна","Захарова","ulyana.akharova@krajcik-carroll.ru","ulyana.akharova"
"vyudin36","Владимир","Юдин","vyudin36@stoltenbergllc.ru","vyudin36"
"pklavdiya91","Панова","Клавдия","pklavdiya91@hermannllc.ru","pklavdiya91"
"strelkova_yevgeniya","Стрелкова","Евгения","strelkova_yevgeniya@jacobsdoyleandparker.ru","strelkova_yevgeniya"
"syevgeniy80","Шубин","Евгений","syevgeniy80@swift-stoltenberg.ru","syevgeniy80"
"stamara74","Шубина","Тамара","stamara74@torphybodeandrosenbaum.ru","stamara74"
"sofiya.valeryevna","София","Валерьевна","sofiya.valeryevna@hansencollinsandking.ru","sofiya.valeryevna"
"aleksandr_merkushev","Александр","Меркушев","aleksandr_merkushev@blandallc.ru","aleksandr_merkushev"
"sofiya_rusakova","София","Русакова","sofiya_rusakova@wolff-pouros.ru","sofiya_rusakova"
"ginaida30","Гришина","Зинаида","ginaida30@feeney-ruecker.ru","ginaida30"
"arseniy_borisovich","Арсений","Борисович","arseniy_borisovich@brekke-rippin.ru","arseniy_borisovich"
"samsonov_roman","Самсонов","Роман","samsonov_roman@auer-lockman.ru","samsonov_roman"
"tamara_artmovna","Тамара","Артёмовна","tamara_artmovna@stoltenbergllc.ru","tamara_artmovna"
"laareva_yuliya","Лазарева","Юлия","laareva_yuliya@hauck-ebert.ru","laareva_yuliya"
"igermanovich14","Иван","Германович","igermanovich14@schummllc.ru","igermanovich14"
"viktor.muravyev","Виктор","Муравьев","viktor.muravyev@hermannllc.ru","viktor.muravyev"
"lkirillov98","Леонид","Кириллов","lkirillov98@rennerboganandrohan.ru","lkirillov98"
"yevgeniy.stepanovich","Евгений","Степанович","yevgeniy.stepanovich@krajcik-carroll.ru","yevgeniy.stepanovich"
"kolova.yevgeniya","Козлова","Евгения","kolova.yevgeniya@torphybodeandrosenbaum.ru","kolova.yevgeniya"
"grigoriy_kumin","Григорий","Кузьмин","grigoriy_kumin@block-fahey.ru","grigoriy_kumin"
"dorlova66","Дарья","Орлова","dorlova66@schummllc.ru","dorlova66"
"ryekaterina37","Рыбакова","Екатерина","ryekaterina37@bergeandsons.ru","ryekaterina37"
"vasilisa.aleksandrovna","Василиса","Александровна","vasilisa.aleksandrovna@walter-conn.ru","vasilisa.aleksandrovna"
"natalya_frolova","Наталья","Фролова","natalya_frolova@hauck-ebert.ru","natalya_frolova"
"maslova_arina","Маслова","Арина","maslova_arina@swift-stoltenberg.ru","maslova_arina"
"fgerman79","Федосеев","Герман","fgerman79@braun-lind.ru","fgerman79"
"vyacheslav_romanovich","Вячеслав","Романович","vyacheslav_romanovich@swift-stoltenberg.ru","vyacheslav_romanovich"
"nina_veselova","Нина","Веселова","nina_veselova@hauck-ebert.ru","nina_veselova"
"vvyacheslavovich10","Вадим","Вячеславович","vvyacheslavovich10@waelchiandsons.ru","vvyacheslavovich10"
"konstantin.gromov","Константин","Громов","konstantin.gromov@braun-lind.ru","konstantin.gromov"
"oleg_andreyevich","Олег","Андреевич","oleg_andreyevich@hauck-ebert.ru","oleg_andreyevich"
"bykova.oksana","Быкова","Оксана","bykova.oksana@braun-lind.ru","bykova.oksana"
"drodova_alna","Дроздова","Алёна","drodova_alna@greengroup.ru","drodova_alna"
"bvladimir20","Брагин","Владимир","bvladimir20@hudson-cormier.ru","bvladimir20"
"kyegor59","Кудрявцев","Егор","kyegor59@brekke-rippin.ru","kyegor59"
"mblinova36","Марина","Блинова","mblinova36@wolff-pouros.ru","mblinova36"
"bykov.albert","Быков","Альберт","bykov.albert@block-fahey.ru","bykov.albert"
"dyaroslav84","Дементьев","Ярослав","dyaroslav84@thiel-stoltenberg.ru","dyaroslav84"
"kalinin_roman","Калинин","Роман","kalinin_roman@gleichnerbashirianandmann.ru","kalinin_roman"
"sidorov_mikhail","Сидоров","Михаил","sidorov_mikhail@auer-lockman.ru","sidorov_mikhail"
"yelena_krylova","Елена","Крылова","yelena_krylova@feeney-ruecker.ru","yelena_krylova"
"mlidiya1","Медведева","Лидия","mlidiya1@rennerboganandrohan.ru","mlidiya1"
"yfdor23","Юдин","Фёдор","yfdor23@whitewardandheller.ru","yfdor23"
"randreyevna27","Раиса","Андреевна","randreyevna27@lebsackmcglynnandherzog.ru","randreyevna27"
"yalekseyevna80","Евгения","Алексеевна","yalekseyevna80@hillsandsons.ru","yalekseyevna80"
"ponomarev_matvey","Пономарев","Матвей","ponomarev_matvey@hermannllc.ru","ponomarev_matvey"
"danna41","Денисова","Анна","danna41@feeney-ruecker.ru","danna41"
"olga.imina","Ольга","Зимина","olga.imina@hansencollinsandking.ru","olga.imina"
"valeriya.leonidovna","Валерия","Леонидовна","valeriya.leonidovna@greengroup.ru","valeriya.leonidovna"
"ulyana.stepanovna","Ульяна","Степановна","ulyana.stepanovna@torphybodeandrosenbaum.ru","ulyana.stepanovna"
"ydavydov15","Юрий","Давыдов","ydavydov15@morarconnandgrady.ru","ydavydov15"
"kangelina44","Кононова","Ангелина","kangelina44@hauck-ebert.ru","kangelina44"
"dmitriy_daniilovich","Дмитрий","Даниилович","dmitriy_daniilovich@kutchbeckerandbergnaum.ru","dmitriy_daniilovich"
"arseniy_igorevich","Арсений","Игоревич","arseniy_igorevich@konopelski-cormier.ru","arseniy_igorevich"
"belov_oleg","Белов","Олег","belov_oleg@hudson-cormier.ru","belov_oleg"
"yuliya_ignatyevna","Юлия","Игнатьевна","yuliya_ignatyevna@swiftgroup.ru","yuliya_ignatyevna"
"kolegovna38","Клавдия","Олеговна","kolegovna38@thiel-stoltenberg.ru","kolegovna38"
"sofiya.aksenova","София","Аксенова","sofiya.aksenova@runolfsdottir-watsica.ru","sofiya.aksenova"
"bogdanov.makar","Богданов","Макар","bogdanov.makar@lindgrendooleyandtoy.ru","bogdanov.makar"
"kgennadiy49","Крюков","Геннадий","kgennadiy49@hermannllc.ru","kgennadiy49"
"huravlev.vasiliy","Журавлев","Василий","huravlev.vasiliy@morarconnandgrady.ru","huravlev.vasiliy"
"sukhanova.antonina","Суханова","Антонина","sukhanova.antonina@walter-conn.ru","sukhanova.antonina"
"silina_taisiya","Силина","Таисия","silina_taisiya@lebsackmcglynnandherzog.ru","silina_taisiya"
"igor.ryabov","Игорь","Рябов","igor.ryabov@morarconnandgrady.ru","igor.ryabov"
"naarova.veronika","Назарова","Вероника","naarova.veronika@will-cartwright.ru","naarova.veronika"
"makar.nikolayevich","Макар","Николаевич","makar.nikolayevich@muller-reichert.ru","makar.nikolayevich"
"pmaksim23","Петров","Максим","pmaksim23@greengroup.ru","pmaksim23"
"nesterov.yuriy","Нестеров","Юрий","nesterov.yuriy@swiftgroup.ru","nesterov.yuriy"
"ykira51","Ефремова","Кира","ykira51@harris-bernhard.ru","ykira51"
"vera_fdorovna","Вера","Фёдоровна","vera_fdorovna@schummllc.ru","vera_fdorovna"
"aleksandrov_anton","Александров","Антон","aleksandrov_anton@willmsandsons.ru","aleksandrov_anton"
"lviktor71","Логинов","Виктор","lviktor71@bradtkeandsons.ru","lviktor71"
"antonida.nikolayevna","Антонида","Николаевна","antonida.nikolayevna@krajcik-carroll.ru","antonida.nikolayevna"
"anfisa_yevgenyevna","Анфиса","Евгеньевна","anfisa_yevgenyevna@kutchbeckerandbergnaum.ru","anfisa_yevgenyevna"
"martmovich42","Максим","Артёмович","martmovich42@bradtkeandsons.ru","martmovich42"
"kseniya.uyeva","Ксения","Зуева","kseniya.uyeva@brekke-rippin.ru","kseniya.uyeva"
"igor.nikolayevich","Игорь","Николаевич","igor.nikolayevich@will-cartwright.ru","igor.nikolayevich"
"yartmovich51","Ярослав","Артёмович","yartmovich51@bergeandsons.ru","yartmovich51"
"hdanov_vasiliy","Жданов","Василий","hdanov_vasiliy@kutchbeckerandbergnaum.ru","hdanov_vasiliy"
"akudryashova68","Антонина","Кудряшова","akudryashova68@will-cartwright.ru","akudryashova68"
"sergeyeva_alla","Сергеева","Алла","sergeyeva_alla@hudsonkreigerandkling.ru","sergeyeva_alla"
"shiryayeva_larisa","Ширяева","Лариса","shiryayeva_larisa@daugherty-reichel.ru","shiryayeva_larisa"
"lyudmila.konstantinovna","Людмила","Константиновна","lyudmila.konstantinovna@harris-bernhard.ru","lyudmila.konstantinovna"
"shubina.aleksandra","Шубина","Александра","shubina.aleksandra@jacobsdoyleandparker.ru","shubina.aleksandra"
"kaakov_yaroslav","Казаков","Ярослав","kaakov_yaroslav@lindgrendooleyandtoy.ru","kaakov_yaroslav"
"lmikhaylova51","Любовь","Михайлова","lmikhaylova51@krajcik-carroll.ru","lmikhaylova51"
"darya_gennadyevna","Дарья","Геннадьевна","darya_gennadyevna@lindgrendooleyandtoy.ru","darya_gennadyevna"
"shashkova_anfisa","Шашкова","Анфиса","shashkova_anfisa@whitewardandheller.ru","shashkova_anfisa"
"blokhina.irina","Блохина","Ирина","blokhina.irina@carter-rice.ru","blokhina.irina"
"savelyev_fdor","Савельев","Фёдор","savelyev_fdor@thiel-stoltenberg.ru","savelyev_fdor"
"enikolayevich16","Эдуард","Николаевич","enikolayevich16@carter-rice.ru","enikolayevich16"
"btaisiya95","Бобылева","Таисия","btaisiya95@gleichnerbashirianandmann.ru","btaisiya95"
"lkiselev8","Леонид","Киселев","lkiselev8@block-fahey.ru","lkiselev8"
"lebedev.oleg","Лебедев","Олег","lebedev.oleg@harris-mayert.ru","lebedev.oleg"
"marina_konstantinovna","Марина","Константиновна","marina_konstantinovna@upton-thompson.ru","marina_konstantinovna"
"valeriy_afanasyev","Валерий","Афанасьев","valeriy_afanasyev@hudson-cormier.ru","valeriy_afanasyev"
"goya69","Гущина","Зоя","goya69@johnsonkonopelskiandgoyette.ru","goya69"
"naumov.stepan","Наумов","Степан","naumov.stepan@waelchiandsons.ru","naumov.stepan"
"uyeva_inaida","Зуева","Зинаида","uyeva_inaida@waelchiandsons.ru","uyeva_inaida"
"oya.vyacheslavovna","Зоя","Вячеславовна","oya.vyacheslavovna@hansencollinsandking.ru","oya.vyacheslavovna"
"ponomareva.yeliaveta","Пономарева","Елизавета","ponomareva.yeliaveta@gloverandsons.ru","ponomareva.yeliaveta"
"stanislav_igorevich","Станислав","Игоревич","stanislav_igorevich@will-cartwright.ru","stanislav_igorevich"
"alla.voronova","Алла","Воронова","alla.voronova@lindgrendooleyandtoy.ru","alla.voronova"
"rodionova_yekaterina","Родионова","Екатерина","rodionova_yekaterina@hermannllc.ru","rodionova_yekaterina"
"yeliaveta.kolova","Елизавета","Козлова","yeliaveta.kolova@carter-rice.ru","yeliaveta.kolova"
"sharova_lyudmila","Шарова","Людмила","sharova_lyudmila@gloverandsons.ru","sharova_lyudmila"
"taisiya_vasilyeva","Таисия","Васильева","taisiya_vasilyeva@kutchbeckerandbergnaum.ru","taisiya_vasilyeva"
"fedotova.darya","Федотова","Дарья","fedotova.darya@will-cartwright.ru","fedotova.darya"
"valbertovna93","Василиса","Альбертовна","valbertovna93@ortizbaumbachandlang.ru","valbertovna93"
"kolesnikov_mikhail","Колесников","Михаил","kolesnikov_mikhail@greengroup.ru","kolesnikov_mikhail"
"shubina_aleksandra","Шубина","Александра","shubina_aleksandra@hillsandsons.ru","shubina_aleksandra"
"oromanovna83","Оксана","Романовна","oromanovna83@jacobsdoyleandparker.ru","oromanovna83"
"mvyacheslav41","Мамонтов","Вячеслав","mvyacheslav41@swiftgroup.ru","mvyacheslav41"
"natalya_ignatyevna","Наталья","Игнатьевна","natalya_ignatyevna@blandallc.ru","natalya_ignatyevna"
"andrey_popov","Андрей","Попов","andrey_popov@hudsonkreigerandkling.ru","andrey_popov"
"dorofeyev.anton","Дорофеев","Антон","dorofeyev.anton@bradtkeandsons.ru","dorofeyev.anton"
"osipova_tamara","Осипова","Тамара","osipova_tamara@thiel-stoltenberg.ru","osipova_tamara"
"gsergeyevich88","Георгий","Сергеевич","gsergeyevich88@muller-reichert.ru","gsergeyevich88"
"uborisovna46","Ульяна","Борисовна","uborisovna46@block-fahey.ru","uborisovna46"
"panfilova.yeliaveta","Панфилова","Елизавета","panfilova.yeliaveta@hauck-ebert.ru","panfilova.yeliaveta"
"silin_dmitriy","Силин","Дмитрий","silin_dmitriy@quitzoninc.ru","silin_dmitriy"
"albert_galkin","Альберт","Галкин","albert_galkin@ortizbaumbachandlang.ru","albert_galkin"
"vanton40","Веселов","Антон","vanton40@bradtkeandsons.ru","vanton40"
"semenov.aleksandr","Семенов","Александр","semenov.aleksandr@willmsandsons.ru","semenov.aleksandr"
"terentyev.vladimir","Терентьев","Владимир","terentyev.vladimir@quitzoninc.ru","terentyev.vladimir"
"khanna71","Калинина","Жанна","khanna71@torphybodeandrosenbaum.ru","khanna71"
"kharitonova.arina","Харитонова","Арина","kharitonova.arina@brekke-rippin.ru","kharitonova.arina"
"sgennadiy56","Степанов","Геннадий","sgennadiy56@blandallc.ru","sgennadiy56"
"sandrey47","Стрелков","Андрей","sandrey47@auer-lockman.ru","sandrey47"
"ivan.moroov","Иван","Морозов","ivan.moroov@johnsonkonopelskiandgoyette.ru","ivan.moroov"
"smatvey84","Самсонов","Матвей","smatvey84@wolff-pouros.ru","smatvey84"
"gushchin_aleksandr","Гущин","Александр","gushchin_aleksandr@feeney-ruecker.ru","gushchin_aleksandr"
"sirina13","Соловьева","Ирина","sirina13@bergeandsons.ru","sirina13"
"kopylova.antonina","Копылова","Антонина","kopylova.antonina@kutchbeckerandbergnaum.ru","kopylova.antonina"
"ygermanovna17","Екатерина","Германовна","ygermanovna17@harris-bernhard.ru","ygermanovna17"
"galkin.andrey","Галкин","Андрей","galkin.andrey@torphybodeandrosenbaum.ru","galkin.andrey"
"stepan.uyev","Степан","Зуев","stepan.uyev@block-fahey.ru","stepan.uyev"
"anton_stepanovich","Антон","Степанович","anton_stepanovich@konopelski-cormier.ru","anton_stepanovich"
"nvarvara12","Носкова","Варвара","nvarvara12@schummllc.ru","nvarvara12"
"muravyev_valeriy","Муравьев","Валерий","muravyev_valeriy@ortizbaumbachandlang.ru","muravyev_valeriy"
"matveyeva_rimma","Матвеева","Римма","matveyeva_rimma@heaneyandsons.ru","matveyeva_rimma"
"gerasimov_artm","Герасимов","Артём","gerasimov_artm@example.com","gerasimov_artm"
"denis_kotov","Денис","Котов","denis_kotov@hudson-cormier.ru","denis_kotov"
"igordeyev1","Иван","Гордеев","igordeyev1@konopelski-cormier.ru","igordeyev1"
"shilov_nikolay","Шилов","Николай","shilov_nikolay@brekke-rippin.ru","shilov_nikolay"
"romanov.arseniy","Романов","Арсений","romanov.arseniy@hermannllc.ru","romanov.arseniy"
"darya.yegorova","Дарья","Егорова","darya.yegorova@hudsonkreigerandkling.ru","darya.yegorova"
"shilov.fdor","Шилов","Фёдор","shilov.fdor@walter-conn.ru","shilov.fdor"
"vsergeyevich16","Владимир","Сергеевич","vsergeyevich16@swiftgroup.ru","vsergeyevich16"
"nhuravleva99","Нина","Журавлева","nhuravleva99@gloverandsons.ru","nhuravleva99"
"vasiliy_vladimirovich","Василий","Владимирович","vasiliy_vladimirovich@hermannllc.ru","vasiliy_vladimirovich"
"isayeva_viktoriya","Исаева","Виктория","isayeva_viktoriya@swiftgroup.ru","isayeva_viktoriya"
"shchukin_stepan","Щукин","Степан","shchukin_stepan@upton-thompson.ru","shchukin_stepan"
"ytikhonova87","Екатерина","Тихонова","ytikhonova87@quitzoninc.ru","ytikhonova87"
"grishina.kira","Гришина","Кира","grishina.kira@feeney-ruecker.ru","grishina.kira"
"rogova_oya","Рогова","Зоя","rogova_oya@feeney-ruecker.ru","rogova_oya"
"aksenov_boris","Аксенов","Борис","aksenov_boris@morarconnandgrady.ru","aksenov_boris"
"amakarovna28","Антонина","Макаровна","amakarovna28@hudson-cormier.ru","amakarovna28"
"mgennadyevich20","Максим","Геннадьевич","mgennadyevich20@ortizbaumbachandlang.ru","mgennadyevich20"
"gordeyeva.rimma","Гордеева","Римма","gordeyeva.rimma@ortizbaumbachandlang.ru","gordeyeva.rimma"
"irina_guryeva","Ирина","Гурьева","irina_guryeva@hansencollinsandking.ru","irina_guryeva"
"ymaksimovich8","Юрий","Максимович","ymaksimovich8@schummllc.ru","ymaksimovich8"
"biryukova.valeriya","Бирюкова","Валерия","biryukova.valeriya@johnsonkonopelskiandgoyette.ru","biryukova.valeriya"
"fadeyev.grigoriy","Фадеев","Григорий","fadeyev.grigoriy@torphybodeandrosenbaum.ru","fadeyev.grigoriy"
"galbertovich17","Герман","Альбертович","galbertovich17@hudsonkreigerandkling.ru","galbertovich17"
"syevgeniya26","Суханова","Евгения","syevgeniya26@whitewardandheller.ru","syevgeniya26"
"vadim.strelkov","Вадим","Стрелков","vadim.strelkov@blandallc.ru","vadim.strelkov"
"dementyeva.alina","Дементьева","Алина","dementyeva.alina@lindgrendooleyandtoy.ru","dementyeva.alina"
"anfisa_loginova","Анфиса","Логинова","anfisa_loginova@greengroup.ru","anfisa_loginova"
"subbotin_aleksandr","Субботин","Александр","subbotin_aleksandr@swift-stoltenberg.ru","subbotin_aleksandr"
"nikitina_taisiya","Никитина","Таисия","nikitina_taisiya@harris-bernhard.ru","nikitina_taisiya"
"sokolova_sofiya","Соколова","София","sokolova_sofiya@daugherty-reichel.ru","sokolova_sofiya"
"muravyev.yevgeniy","Муравьев","Евгений","muravyev.yevgeniy@willmsandsons.ru","muravyev.yevgeniy"
"pmatvey70","Петухов","Матвей","pmatvey70@morarconnandgrady.ru","pmatvey70"
"blinov.vitaliy","Блинов","Виталий","blinov.vitaliy@rennerboganandrohan.ru","blinov.vitaliy"
"albert_antonovich","Альберт","Антонович","albert_antonovich@jacobsdoyleandparker.ru","albert_antonovich"
"yevgeniya_lytkina","Евгения","Лыткина","yevgeniya_lytkina@waelchiandsons.ru","yevgeniya_lytkina"
"veronika_artmovna","Вероника","Артёмовна","veronika_artmovna@runolfsdottir-watsica.ru","veronika_artmovna"
"moiseyeva_angelina","Моисеева","Ангелина","moiseyeva_angelina@feeney-ruecker.ru","moiseyeva_angelina"
"ignatiy.vadimovich","Игнатий","Вадимович","ignatiy.vadimovich@walter-conn.ru","ignatiy.vadimovich"
"anfisa_arkhipova","Анфиса","Архипова","anfisa_arkhipova@daugherty-reichel.ru","anfisa_arkhipova"
"roman_germanovich","Роман","Германович","roman_germanovich@thiel-stoltenberg.ru","roman_germanovich"
"nikolay.kalinin","Николай","Калинин","nikolay.kalinin@braun-lind.ru","nikolay.kalinin"
"antonida_stepanovna","Антонида","Степановна","antonida_stepanovna@kutchbeckerandbergnaum.ru","antonida_stepanovna"
"ugromova28","Ульяна","Громова","ugromova28@torphybodeandrosenbaum.ru","ugromova28"
"gantonida60","Галкина","Антонида","gantonida60@carter-rice.ru","gantonida60"
"raisa.ilinichna","Раиса","Ильинична","raisa.ilinichna@willmsandsons.ru","raisa.ilinichna"
"galina.denisova","Галина","Денисова","galina.denisova@schummllc.ru","galina.denisova"
"lpotapova60","Лидия","Потапова","lpotapova60@lebsackmcglynnandherzog.ru","lpotapova60"
"stanislav_korolev","Станислав","Королев","stanislav_korolev@gleichnerbashirianandmann.ru","stanislav_korolev"
"lidiya.markova","Лидия","Маркова","lidiya.markova@thiel-stoltenberg.ru","lidiya.markova"
"tikhonova_varvara","Тихонова","Варвара","tikhonova_varvara@upton-thompson.ru","tikhonova_varvara"
"kunetsov_dmitriy","Кузнецов","Дмитрий","kunetsov_dmitriy@wolff-pouros.ru","kunetsov_dmitriy"
"rybakov_leonid","Рыбаков","Леонид","rybakov_leonid@waelchiandsons.ru","rybakov_leonid"
"maksim.anatolyevich","Максим","Анатольевич","maksim.anatolyevich@bergeandsons.ru","maksim.anatolyevich"
"yevgeniya.kapustina","Евгения","Капустина","yevgeniya.kapustina@lindgrendooleyandtoy.ru","yevgeniya.kapustina"
"yvalentin98","Елисеев","Валентин","yvalentin98@swiftgroup.ru","yvalentin98"
"nikolay_fedorov","Николай","Федоров","nikolay_fedorov@runolfsdottir-watsica.ru","nikolay_fedorov"
"irina.gorshkova","Ирина","Горшкова","irina.gorshkova@muller-reichert.ru","irina.gorshkova"
"yalla34","Елисеева","Алла","yalla34@doyleinc.ru","yalla34"
"ggushchin77","Герман","Гущин","ggushchin77@thiel-stoltenberg.ru","ggushchin77"
"vmarina57","Веселова","Марина","vmarina57@blandallc.ru","vmarina57"
"larisa_yermakova","Лариса","Ермакова","larisa_yermakova@rennerboganandrohan.ru","larisa_yermakova"
"lyubov_denisova","Любовь","Денисова","lyubov_denisova@muller-reichert.ru","lyubov_denisova"
"ulyana.georgiyevna","Ульяна","Георгиевна","ulyana.georgiyevna@jacobsdoyleandparker.ru","ulyana.georgiyevna"
"myevgeniy50","Мельников","Евгений","myevgeniy50@will-cartwright.ru","myevgeniy50"
"belousov_vadim","Белоусов","Вадим","belousov_vadim@konopelski-cormier.ru","belousov_vadim"
"adaniilovna70","Алина","Данииловна","adaniilovna70@konopelski-cormier.ru","adaniilovna70"
"agorshkova35","Ангелина","Горшкова","agorshkova35@feeney-ruecker.ru","agorshkova35"
"leonid_knyaev","Леонид","Князев","leonid_knyaev@feeney-ruecker.ru","leonid_knyaev"
"eduard.vinogradov","Эдуард","Виноградов","eduard.vinogradov@upton-thompson.ru","eduard.vinogradov"
"grishin.gennadiy","Гришин","Геннадий","grishin.gennadiy@jacobsdoyleandparker.ru","grishin.gennadiy"
"sivan85","Сазонов","Иван","sivan85@auer-lockman.ru","sivan85"
"koshelev_vasiliy","Кошелев","Василий","koshelev_vasiliy@jacobsdoyleandparker.ru","koshelev_vasiliy"
"fdor_eduardovich","Фёдор","Эдуардович","fdor_eduardovich@hudson-cormier.ru","fdor_eduardovich"
"kornilova_irina","Корнилова","Ирина","kornilova_irina@wolff-pouros.ru","kornilova_irina"
"abramov_konstantin","Абрамов","Константин","abramov_konstantin@kutchbeckerandbergnaum.ru","abramov_konstantin"
"matveyeva.alna","Матвеева","Алёна","matveyeva.alna@torphybodeandrosenbaum.ru","matveyeva.alna"
"ponomareva.ulyana","Пономарева","Ульяна","ponomareva.ulyana@hudson-cormier.ru","ponomareva.ulyana"
"andreyeva_larisa","Андреева","Лариса","andreyeva_larisa@thiel-stoltenberg.ru","andreyeva_larisa"
"eduard_korolev","Эдуард","Королев","eduard_korolev@doyleinc.ru","eduard_korolev"
"kapustin_leonid","Капустин","Леонид","kapustin_leonid@blandallc.ru","kapustin_leonid"
"ktamara52","Киселева","Тамара","ktamara52@lebsackmcglynnandherzog.ru","ktamara52"
"tamara.vorontsova","Тамара","Воронцова","tamara.vorontsova@whitewardandheller.ru","tamara.vorontsova"
"mdmitriyevich98","Матвей","Дмитриевич","mdmitriyevich98@hillsandsons.ru","mdmitriyevich98"
"inovyev.lavrentiy","Зиновьев","Лаврентий","inovyev.lavrentiy@ortizbaumbachandlang.ru","inovyev.lavrentiy"
"dyaroslav79","Дорофеев","Ярослав","dyaroslav79@schummllc.ru","dyaroslav79"
"gnikita52","Горшков","Никита","gnikita52@hudson-cormier.ru","gnikita52"
"svadimovna77","София","Вадимовна","svadimovna77@greengroup.ru","svadimovna77"
"likhacheva.inaida","Лихачева","Зинаида","likhacheva.inaida@example.com","likhacheva.inaida"
"gorbunov_mikhail","Горбунов","Михаил","gorbunov_mikhail@heaneyandsons.ru","gorbunov_mikhail"
"darya_lavrentyeva","Дарья","Лаврентьева","darya_lavrentyeva@stoltenbergllc.ru","darya_lavrentyeva"
"konstantinov.nikita","Константинов","Никита","konstantinov.nikita@daugherty-reichel.ru","konstantinov.nikita"
"mvladimirovna77","Мария","Владимировна","mvladimirovna77@thiel-stoltenberg.ru","mvladimirovna77"
"leonid.lukich","Леонид","Лукич","leonid.lukich@hudson-cormier.ru","leonid.lukich"
"gdmitriyevich20","Григорий","Дмитриевич","gdmitriyevich20@heaneyandsons.ru","gdmitriyevich20"
"shilov.yevgeniy","Шилов","Евгений","shilov.yevgeniy@swift-stoltenberg.ru","shilov.yevgeniy"
"antonina.uyeva","Антонина","Зуева","antonina.uyeva@auer-lockman.ru","antonina.uyeva"
"nikita.nikiforov","Никита","Никифоров","nikita.nikiforov@konopelski-cormier.ru","nikita.nikiforov"
"beloerov_valentin","Белозеров","Валентин","beloerov_valentin@gloverandsons.ru","beloerov_valentin"
"vyuliya12","Воронцова","Юлия","vyuliya12@carter-rice.ru","vyuliya12"
"daniil.savin","Даниил","Савин","daniil.savin@wolff-pouros.ru","daniil.savin"
"fedorov_arseniy","Федоров","Арсений","fedorov_arseniy@gloverandsons.ru","fedorov_arseniy"
"denis_solovyev","Денис","Соловьев","denis_solovyev@konopelski-cormier.ru","denis_solovyev"
"aborisovna45","Анастасия","Борисовна","aborisovna45@johnsonkonopelskiandgoyette.ru","aborisovna45"
"alina.fedorova","Алина","Федорова","alina.fedorova@feeney-ruecker.ru","alina.fedorova"
"filippov.luka","Филиппов","Лука","filippov.luka@brekke-rippin.ru","filippov.luka"
"fomichev.denis","Фомичев","Денис","fomichev.denis@hermannllc.ru","fomichev.denis"
"vasiliy.kryukov","Василий","Крюков","vasiliy.kryukov@walter-conn.ru","vasiliy.kryukov"
"vkonstantinovna52","Валентина","Константиновна","vkonstantinovna52@gleichnerbashirianandmann.ru","vkonstantinovna52"
"astanislavovna71","Анжела","Станиславовна","astanislavovna71@brekke-rippin.ru","astanislavovna71"
"irina_martynova","Ирина","Мартынова","irina_martynova@schummllc.ru","irina_martynova"
"tlidiya38","Терентьева","Лидия","tlidiya38@brekke-rippin.ru","tlidiya38"
"beloerov.vasiliy","Белозеров","Василий","beloerov.vasiliy@lebsackmcglynnandherzog.ru","beloerov.vasiliy"
"anna_matveyevna","Анна","Матвеевна","anna_matveyevna@carter-rice.ru","anna_matveyevna"
"shestakova.yeliaveta","Шестакова","Елизавета","shestakova.yeliaveta@lindgrendooleyandtoy.ru","shestakova.yeliaveta"
"fedorova_olga","Федорова","Ольга","fedorova_olga@braun-lind.ru","fedorova_olga"
"umariya77","Устинова","Мария","umariya77@quitzoninc.ru","umariya77"
"voya96","Воронова","Зоя","voya96@bergeandsons.ru","voya96"
"nikita_fadeyev","Никита","Фадеев","nikita_fadeyev@konopelski-cormier.ru","nikita_fadeyev"
"veronika.yuryevna","Вероника","Юрьевна","veronika.yuryevna@swiftgroup.ru","veronika.yuryevna"
"hanna_eduardovna","Жанна","Эдуардовна","hanna_eduardovna@auer-lockman.ru","hanna_eduardovna"
"filatov.roman","Филатов","Роман","filatov.roman@hudsonkreigerandkling.ru","filatov.roman"
"yeduardovich67","Егор","Эдуардович","yeduardovich67@braun-lind.ru","yeduardovich67"
"nikolayevna2","Зоя","Николаевна","nikolayevna2@harris-mayert.ru","nikolayevna2"
"boris.stepanovich","Борис","Степанович","boris.stepanovich@jacobsdoyleandparker.ru","boris.stepanovich"
"mvitalyevna69","Маргарита","Витальевна","mvitalyevna69@auer-lockman.ru","mvitalyevna69"
"dlavrentiy94","Дорофеев","Лаврентий","dlavrentiy94@heaneyandsons.ru","dlavrentiy94"
"dsemn58","Дементьев","Семён","dsemn58@johnsonkonopelskiandgoyette.ru","dsemn58"
"yegor.romanovich","Егор","Романович","yegor.romanovich@swift-stoltenberg.ru","yegor.romanovich"
"bogdanova_nina","Богданова","Нина","bogdanova_nina@will-cartwright.ru","bogdanova_nina"
"viktor_olegovich","Виктор","Олегович","viktor_olegovich@braun-lind.ru","viktor_olegovich"
"knadehda18","Кузьмина","Надежда","knadehda18@willmsandsons.ru","knadehda18"
"lavrentyeva.yelena","Лаврентьева","Елена","lavrentyeva.yelena@konopelski-cormier.ru","lavrentyeva.yelena"
"oleg_grigoryev","Олег","Григорьев","oleg_grigoryev@gloverandsons.ru","oleg_grigoryev"
"sitnikova.vera","Ситникова","Вера","sitnikova.vera@hudsonkreigerandkling.ru","sitnikova.vera"
"ikalinin16","Илья","Калинин","ikalinin16@doyleinc.ru","ikalinin16"
"olga.kotova","Ольга","Котова","olga.kotova@wolff-pouros.ru","olga.kotova"
"nikolay.uvarov","Николай","Уваров","nikolay.uvarov@brekke-rippin.ru","nikolay.uvarov"
"afanasyev_grigoriy","Афанасьев","Григорий","afanasyev_grigoriy@whitewardandheller.ru","afanasyev_grigoriy"
"saonov.vitaliy","Сазонов","Виталий","saonov.vitaliy@feeney-ruecker.ru","saonov.vitaliy"
"vyacheslav.vasilyevich","Вячеслав","Васильевич","vyacheslav.vasilyevich@considine-price.ru","vyacheslav.vasilyevich"
"yegor_albertovich","Егор","Альбертович","yegor_albertovich@harris-mayert.ru","yegor_albertovich"
"yemelyanova.anastasiya","Емельянова","Анастасия","yemelyanova.anastasiya@swift-stoltenberg.ru","yemelyanova.anastasiya"
"kolesnikova42","Зоя","Колесникова","kolesnikova42@willmsandsons.ru","kolesnikova42"
"kanfisa73","Копылова","Анфиса","kanfisa73@lindgrendooleyandtoy.ru","kanfisa73"
"saonov.vadim","Сазонов","Вадим","saonov.vadim@gleichnerbashirianandmann.ru","saonov.vadim"
"lantonina29","Лазарева","Антонина","lantonina29@morarconnandgrady.ru","lantonina29"
"yelena_dmitriyevna","Елена","Дмитриевна","yelena_dmitriyevna@whitewardandheller.ru","yelena_dmitriyevna"
"kvaleriy59","Козлов","Валерий","kvaleriy59@runolfsdottir-watsica.ru","kvaleriy59"
"aantonovna67","Алла","Антоновна","aantonovna67@bradtkeandsons.ru","aantonovna67"
"mmargarita63","Максимова","Маргарита","mmargarita63@walter-conn.ru","mmargarita63"
"aimina30","Алёна","Зимина","aimina30@bergeandsons.ru","aimina30"
"maslov.vitaliy","Маслов","Виталий","maslov.vitaliy@lindgrendooleyandtoy.ru","maslov.vitaliy"
"lebedeva.kseniya","Лебедева","Ксения","lebedeva.kseniya@ortizbaumbachandlang.ru","lebedeva.kseniya"
"vfedoseyev41","Владимир","Федосеев","vfedoseyev41@jacobsdoyleandparker.ru","vfedoseyev41"
"vasiliy.konstantinovich","Василий","Константинович","vasiliy.konstantinovich@hillsandsons.ru","vasiliy.konstantinovich"
"uyev.lavrentiy","Зуев","Лаврентий","uyev.lavrentiy@brekke-rippin.ru","uyev.lavrentiy"
"tmakar3","Цветков","Макар","tmakar3@carter-rice.ru","tmakar3"
"morlov91","Матвей","Орлов","morlov91@carter-rice.ru","morlov91"
"abramova_yevgeniya","Абрамова","Евгения","abramova_yevgeniya@kutchbeckerandbergnaum.ru","abramova_yevgeniya"
"ymaksimovna37","Елена","Максимовна","ymaksimovna37@block-fahey.ru","ymaksimovna37"
"mstepanovna86","Марина","Степановна","mstepanovna86@gloverandsons.ru","mstepanovna86"
"artm_kulakov","Артём","Кулаков","artm_kulakov@swift-stoltenberg.ru","artm_kulakov"
"sbeloerov99","Сергей","Белозеров","sbeloerov99@stoltenbergllc.ru","sbeloerov99"
"rimma_orekhova","Римма","Орехова","rimma_orekhova@swift-stoltenberg.ru","rimma_orekhova"
"gleonidovich63","Геннадий","Леонидович","gleonidovich63@kutchbeckerandbergnaum.ru","gleonidovich63"
"gerasimov_mikhail","Герасимов","Михаил","gerasimov_mikhail@krajcik-carroll.ru","gerasimov_mikhail"
"semn.makarovich","Семён","Макарович","semn.makarovich@wolff-pouros.ru","semn.makarovich"
"ldaniilovna24","Любовь","Данииловна","ldaniilovna24@ortizbaumbachandlang.ru","ldaniilovna24"
"tyegorovna59","Тамара","Егоровна","tyegorovna59@harris-bernhard.ru","tyegorovna59"
"mikheyeva.larisa","Михеева","Лариса","mikheyeva.larisa@blandallc.ru","mikheyeva.larisa"
"dfdor77","Дмитриев","Фёдор","dfdor77@waelchiandsons.ru","dfdor77"
"ponomarev_konstantin","Пономарев","Константин","ponomarev_konstantin@doyleinc.ru","ponomarev_konstantin"
"rvasilisa27","Рябова","Василиса","rvasilisa27@blandallc.ru","rvasilisa27"
"frolova.veronika","Фролова","Вероника","frolova.veronika@bergeandsons.ru","frolova.veronika"
"vasiliy.germanovich","Василий","Германович","vasiliy.germanovich@hermannllc.ru","vasiliy.germanovich"
"antonova.taisiya","Антонова","Таисия","antonova.taisiya@hudson-cormier.ru","antonova.taisiya"
"angelina_borisovna","Ангелина","Борисовна","angelina_borisovna@considine-price.ru","angelina_borisovna"
"strelkov_yaroslav","Стрелков","Ярослав","strelkov_yaroslav@hermannllc.ru","strelkov_yaroslav"
"german.denisovich","Герман","Денисович","german.denisovich@heaneyandsons.ru","german.denisovich"
"alla_fedoseyeva","Алла","Федосеева","alla_fedoseyeva@johnsonkonopelskiandgoyette.ru","alla_fedoseyeva"
"valekseyevna92","Василиса","Алексеевна","valekseyevna92@greengroup.ru","valekseyevna92"
"stepan.huravlev","Степан","Журавлев","stepan.huravlev@hillsandsons.ru","stepan.huravlev"
"ryabov_igor","Рябов","Игорь","ryabov_igor@upton-thompson.ru","ryabov_igor"
"aleksandrov_lavrentiy","Александров","Лаврентий","aleksandrov_lavrentiy@hillsandsons.ru","aleksandrov_lavrentiy"
"igor.orekhov","Игорь","Орехов","igor.orekhov@morarconnandgrady.ru","igor.orekhov"
"anton_karpov","Антон","Карпов","anton_karpov@whitewardandheller.ru","anton_karpov"
"raisa_arsenyevna","Раиса","Арсеньевна","raisa_arsenyevna@hudson-cormier.ru","raisa_arsenyevna"
"kulikova_alina","Куликова","Алина","kulikova_alina@hudsonkreigerandkling.ru","kulikova_alina"
"vvaleryevich15","Виктор","Валерьевич","vvaleryevich15@whitewardandheller.ru","vvaleryevich15"
"vasiliy_stanislavovich","Василий","Станиславович","vasiliy_stanislavovich@quitzoninc.ru","vasiliy_stanislavovich"
"vera.antonovna","Вера","Антоновна","vera.antonovna@feeney-ruecker.ru","vera.antonovna"
"gdrodov98","Григорий","Дроздов","gdrodov98@hauck-ebert.ru","gdrodov98"
"kudryavtsev_lavrentiy","Кудрявцев","Лаврентий","kudryavtsev_lavrentiy@harris-mayert.ru","kudryavtsev_lavrentiy"
"hanna_anisimova","Жанна","Анисимова","hanna_anisimova@hansencollinsandking.ru","hanna_anisimova"
"bykov_arseniy","Быков","Арсений","bykov_arseniy@considine-price.ru","bykov_arseniy"
"makarov.stanislav","Макаров","Станислав","makarov.stanislav@lindgrendooleyandtoy.ru","makarov.stanislav"
"angelina.ryabova","Ангелина","Рябова","angelina.ryabova@walter-conn.ru","angelina.ryabova"
"aignatyevna80","Антонина","Игнатьевна","aignatyevna80@harris-mayert.ru","aignatyevna80"
"vasiliy_aleksandrov","Василий","Александров","vasiliy_aleksandrov@kutchbeckerandbergnaum.ru","vasiliy_aleksandrov"
"andrey_stanislavovich","Андрей","Станиславович","andrey_stanislavovich@stoltenbergllc.ru","andrey_stanislavovich"
"kabanov.stanislav","Кабанов","Станислав","kabanov.stanislav@gleichnerbashirianandmann.ru","kabanov.stanislav"
"gmikhaylovich28","Герман","Михайлович","gmikhaylovich28@muller-reichert.ru","gmikhaylovich28"
"vvaleryevna1","Валерия","Валерьевна","vvaleryevna1@jacobsdoyleandparker.ru","vvaleryevna1"
"regina.ovchinnikova","Регина","Овчинникова","regina.ovchinnikova@block-fahey.ru","regina.ovchinnikova"
"vinovyev56","Владимир","Зиновьев","vinovyev56@heaneyandsons.ru","vinovyev56"
"dtamara84","Дроздова","Тамара","dtamara84@stoltenbergllc.ru","dtamara84"
"kira.matveyevna","Кира","Матвеевна","kira.matveyevna@konopelski-cormier.ru","kira.matveyevna"
"anisimov_roman","Анисимов","Роман","anisimov_roman@hansencollinsandking.ru","anisimov_roman"
"ilya_isakov","Илья","Исаков","ilya_isakov@block-fahey.ru","ilya_isakov"
"nkonstantin84","Никонов","Константин","nkonstantin84@waelchiandsons.ru","nkonstantin84"
"isakova.yelena","Исакова","Елена","isakova.yelena@hudsonkreigerandkling.ru","isakova.yelena"
"stepan.vasilyev","Степан","Васильев","stepan.vasilyev@ortizbaumbachandlang.ru","stepan.vasilyev"
"anna_khokhlova","Анна","Хохлова","anna_khokhlova@carter-rice.ru","anna_khokhlova"
"georgiy.grigoryevich","Георгий","Григорьевич","georgiy.grigoryevich@doyleinc.ru","georgiy.grigoryevich"
"borisov_vladimir","Борисов","Владимир","borisov_vladimir@considine-price.ru","borisov_vladimir"
"vyevgenyevich84","Владислав","Евгеньевич","vyevgenyevich84@considine-price.ru","vyevgenyevich84"
"afokina79","Анна","Фокина","afokina79@ortizbaumbachandlang.ru","afokina79"
"irina_lavrentyevna","Ирина","Лаврентьевна","irina_lavrentyevna@upton-thompson.ru","irina_lavrentyevna"
"shchukin_anton","Щукин","Антон","shchukin_anton@hansencollinsandking.ru","shchukin_anton"
"maksim.fdorovich","Максим","Фёдорович","maksim.fdorovich@muller-reichert.ru","maksim.fdorovich"
"lyubov_borisova","Любовь","Борисова","lyubov_borisova@gleichnerbashirianandmann.ru","lyubov_borisova"
"danilov_igor","Данилов","Игорь","danilov_igor@hudson-cormier.ru","danilov_igor"
"grigoriy.fokin","Григорий","Фокин","grigoriy.fokin@swiftgroup.ru","grigoriy.fokin"
"inaida_semnovna","Зинаида","Семёновна","inaida_semnovna@torphybodeandrosenbaum.ru","inaida_semnovna"
"nlytkina36","Нина","Лыткина","nlytkina36@harris-bernhard.ru","nlytkina36"
"borisova_marina","Борисова","Марина","borisova_marina@morarconnandgrady.ru","borisova_marina"
"darya.kudryavtseva","Дарья","Кудрявцева","darya.kudryavtseva@gloverandsons.ru","darya.kudryavtseva"
"vbobrov90","Владимир","Бобров","vbobrov90@muller-reichert.ru","vbobrov90"
"shilov.viktor","Шилов","Виктор","shilov.viktor@morarconnandgrady.ru","shilov.viktor"
"oleg.kirillov","Олег","Кириллов","oleg.kirillov@considine-price.ru","oleg.kirillov"
"arina.sergeyevna","Арина","Сергеевна","arina.sergeyevna@waelchiandsons.ru","arina.sergeyevna"
"fomin_albert","Фомин","Альберт","fomin_albert@gloverandsons.ru","fomin_albert"
"shilov_aleksey","Шилов","Алексей","shilov_aleksey@konopelski-cormier.ru","shilov_aleksey"
"rvera56","Рожкова","Вера","rvera56@hillsandsons.ru","rvera56"
"yefremov.vyacheslav","Ефремов","Вячеслав","yefremov.vyacheslav@konopelski-cormier.ru","yefremov.vyacheslav"
"filatov_fdor","Филатов","Фёдор","filatov_fdor@jacobsdoyleandparker.ru","filatov_fdor"
"vvishnyakov51","Валерий","Вишняков","vvishnyakov51@bergeandsons.ru","vvishnyakov51"
"sorokin_sergey","Сорокин","Сергей","sorokin_sergey@thiel-stoltenberg.ru","sorokin_sergey"
"yefimov_lavrentiy","Ефимов","Лаврентий","yefimov_lavrentiy@schummllc.ru","yefimov_lavrentiy"
"ydaniilovich93","Юрий","Даниилович","ydaniilovich93@muller-reichert.ru","ydaniilovich93"
"markov_georgiy","Марков","Георгий","markov_georgiy@hansencollinsandking.ru","markov_georgiy"
"skalashnikova86","Светлана","Калашникова","skalashnikova86@jacobsdoyleandparker.ru","skalashnikova86"
"german.kudryavtsev","Герман","Кудрявцев","german.kudryavtsev@upton-thompson.ru","german.kudryavtsev"
"krasilnikova_alna","Красильникова","Алёна","krasilnikova_alna@brekke-rippin.ru","krasilnikova_alna"
"ivan_stepanovich","Иван","Степанович","ivan_stepanovich@hansencollinsandking.ru","ivan_stepanovich"
"nstepan0","Наумов","Степан","nstepan0@gleichnerbashirianandmann.ru","nstepan0"
"kostina_angelina","Костина","Ангелина","kostina_angelina@hudson-cormier.ru","kostina_angelina"
"lyekaterina8","Лихачева","Екатерина","lyekaterina8@lindgrendooleyandtoy.ru","lyekaterina8"
"knyaev.grigoriy","Князев","Григорий","knyaev.grigoriy@daugherty-reichel.ru","knyaev.grigoriy"
"shcherbakova.yuliya","Щербакова","Юлия","shcherbakova.yuliya@brekke-rippin.ru","shcherbakova.yuliya"
"savin.fdor","Савин","Фёдор","savin.fdor@torphybodeandrosenbaum.ru","savin.fdor"
"mmariya8","Маркова","Мария","mmariya8@hudsonkreigerandkling.ru","mmariya8"
"kira.davydova","Кира","Давыдова","kira.davydova@harris-mayert.ru","kira.davydova"
"sysoyeva_lidiya","Сысоева","Лидия","sysoyeva_lidiya@torphybodeandrosenbaum.ru","sysoyeva_lidiya"
"ymaksim67","Емельянов","Максим","ymaksim67@feeney-ruecker.ru","ymaksim67"
"lkira3","Лазарева","Кира","lkira3@hudson-cormier.ru","lkira3"
"kartmovna16","Клавдия","Артёмовна","kartmovna16@greengroup.ru","kartmovna16"
"dmitriyev.andrey","Дмитриев","Андрей","dmitriyev.andrey@hudsonkreigerandkling.ru","dmitriyev.andrey"
"golubeva.vera","Голубева","Вера","golubeva.vera@braun-lind.ru","golubeva.vera"
"isavelyev82","Илья","Савельев","isavelyev82@krajcik-carroll.ru","isavelyev82"
"margarita.nikitichna","Маргарита","Никитична","margarita.nikitichna@gloverandsons.ru","margarita.nikitichna"
"yegor.valentinovich","Егор","Валентинович","yegor.valentinovich@heaneyandsons.ru","yegor.valentinovich"
"gregina30","Горшкова","Регина","gregina30@greengroup.ru","gregina30"
"ilya.ignatyevich","Илья","Игнатьевич","ilya.ignatyevich@kutchbeckerandbergnaum.ru","ilya.ignatyevich"
"milya90","Мамонтов","Илья","milya90@harris-bernhard.ru","milya90"
"lmakarovna27","Любовь","Макаровна","lmakarovna27@hudson-cormier.ru","lmakarovna27"
"bgerman81","Блохин","Герман","bgerman81@wolff-pouros.ru","bgerman81"
"kira_vladimirova","Кира","Владимирова","kira_vladimirova@thiel-stoltenberg.ru","kira_vladimirova"
"flavrentiy67","Филиппов","Лаврентий","flavrentiy67@lindgrendooleyandtoy.ru","flavrentiy67"
"lobanov.german","Лобанов","Герман","lobanov.german@brekke-rippin.ru","lobanov.german"
"ynikolayevna75","Екатерина","Николаевна","ynikolayevna75@feeney-ruecker.ru","ynikolayevna75"
"yefremov_anatoliy","Ефремов","Анатолий","yefremov_anatoliy@jacobsdoyleandparker.ru","yefremov_anatoliy"
"fadeyev.yegor","Фадеев","Егор","fadeyev.yegor@bradtkeandsons.ru","fadeyev.yegor"
"syevgeniya44","Шарова","Евгения","syevgeniya44@will-cartwright.ru","syevgeniya44"
"medvedev_yevgeniy","Медведев","Евгений","medvedev_yevgeniy@stoltenbergllc.ru","medvedev_yevgeniy"
"makar_yevgenyevich","Макар","Евгеньевич","makar_yevgenyevich@upton-thompson.ru","makar_yevgenyevich"
"rnaarova58","Раиса","Назарова","rnaarova58@harris-mayert.ru","rnaarova58"
"ostepanova79","Оксана","Степанова","ostepanova79@braun-lind.ru","ostepanova79"
"ishilov47","Игорь","Шилов","ishilov47@gleichnerbashirianandmann.ru","ishilov47"
"mdmitriy19","Медведев","Дмитрий","mdmitriy19@runolfsdottir-watsica.ru","mdmitriy19"
"georgiy_kolesnikov","Георгий","Колесников","georgiy_kolesnikov@jacobsdoyleandparker.ru","georgiy_kolesnikov"
"antonina_valentinovna","Антонина","Валентиновна","antonina_valentinovna@braun-lind.ru","antonina_valentinovna"
"anhela.vyacheslavovna","Анжела","Вячеславовна","anhela.vyacheslavovna@brekke-rippin.ru","anhela.vyacheslavovna"
"vgrigoryeva56","Вера","Григорьева","vgrigoryeva56@wolff-pouros.ru","vgrigoryeva56"
"mstepan68","Мамонтов","Степан","mstepan68@carter-rice.ru","mstepan68"
"maleksandr84","Муравьев","Александр","maleksandr84@block-fahey.ru","maleksandr84"
"rimma.arsenyevna","Римма","Арсеньевна","rimma.arsenyevna@upton-thompson.ru","rimma.arsenyevna"
"margarita.nikolayevna","Маргарита","Николаевна","margarita.nikolayevna@will-cartwright.ru","margarita.nikolayevna"
"tvladislavovna85","Тамара","Владиславовна","tvladislavovna85@quitzoninc.ru","tvladislavovna85"
"georgiy.rybakov","Георгий","Рыбаков","georgiy.rybakov@swiftgroup.ru","georgiy.rybakov"
"astanislavovna91","Анфиса","Станиславовна","astanislavovna91@jacobsdoyleandparker.ru","astanislavovna91"
"fdaniilovich95","Фёдор","Даниилович","fdaniilovich95@muller-reichert.ru","fdaniilovich95"
"galeksandra77","Гаврилова","Александра","galeksandra77@harris-mayert.ru","galeksandra77"
"sofiya.fedorova","София","Федорова","sofiya.fedorova@gloverandsons.ru","sofiya.fedorova"
"staisiya92","Сорокина","Таисия","staisiya92@auer-lockman.ru","staisiya92"
"gorbunov_viktor","Горбунов","Виктор","gorbunov_viktor@swift-stoltenberg.ru","gorbunov_viktor"
"nkopylov40","Николай","Копылов","nkopylov40@muller-reichert.ru","nkopylov40"
"ivan_igorevich","Иван","Игоревич","ivan_igorevich@blandallc.ru","ivan_igorevich"
"larina75","Логинова","Арина","larina75@kutchbeckerandbergnaum.ru","larina75"
"fokina_oya","Фокина","Зоя","fokina_oya@braun-lind.ru","fokina_oya"
"alina.krasilnikova","Алина","Красильникова","alina.krasilnikova@lebsackmcglynnandherzog.ru","alina.krasilnikova"
"lrimma40","Лебедева","Римма","lrimma40@konopelski-cormier.ru","lrimma40"
"fluka79","Фомин","Лука","fluka79@will-cartwright.ru","fluka79"
"angelina.khokhlova","Ангелина","Хохлова","angelina.khokhlova@bradtkeandsons.ru","angelina.khokhlova"
"ryabov.denis","Рябов","Денис","ryabov.denis@rennerboganandrohan.ru","ryabov.denis"
"oya_grigoryevna","Зоя","Григорьевна","oya_grigoryevna@quitzoninc.ru","oya_grigoryevna"
"yakovlev.lavrentiy","Яковлев","Лаврентий","yakovlev.lavrentiy@kutchbeckerandbergnaum.ru","yakovlev.lavrentiy"
"yalla51","Егорова","Алла","yalla51@auer-lockman.ru","yalla51"
"mbelyakova16","Маргарита","Белякова","mbelyakova16@willmsandsons.ru","mbelyakova16"
"snatalya63","Сысоева","Наталья","snatalya63@swiftgroup.ru","snatalya63"
"yevgeniya_alekseyevna","Евгения","Алексеевна","yevgeniya_alekseyevna@lindgrendooleyandtoy.ru","yevgeniya_alekseyevna"
"lnikolayevich26","Лаврентий","Николаевич","lnikolayevich26@jacobsdoyleandparker.ru","lnikolayevich26"
"solga83","Сорокина","Ольга","solga83@whitewardandheller.ru","solga83"
"nkomissarova20","Нина","Комиссарова","nkomissarova20@walter-conn.ru","nkomissarova20"
"ivan_viktorovich","Иван","Викторович","ivan_viktorovich@kutchbeckerandbergnaum.ru","ivan_viktorovich"
"oleonid24","Орехов","Леонид","oleonid24@runolfsdottir-watsica.ru","oleonid24"
"denis_kovalev","Денис","Ковалев","denis_kovalev@gloverandsons.ru","denis_kovalev"
"amaksimovna73","Алёна","Максимовна","amaksimovna73@harris-mayert.ru","amaksimovna73"
"rodionova_varvara","Родионова","Варвара","rodionova_varvara@thiel-stoltenberg.ru","rodionova_varvara"
"odintsov.maksim","Одинцов","Максим","odintsov.maksim@carter-rice.ru","odintsov.maksim"
"mluka78","Меркушев","Лука","mluka78@swift-stoltenberg.ru","mluka78"
"shcherbakova_regina","Щербакова","Регина","shcherbakova_regina@carter-rice.ru","shcherbakova_regina"
"varkadyevna62","Вера","Аркадьевна","varkadyevna62@hermannllc.ru","varkadyevna62"
"anatoliy.pakhomov","Анатолий","Пахомов","anatoliy.pakhomov@rennerboganandrohan.ru","anatoliy.pakhomov"
"kira_antonovna","Кира","Антоновна","kira_antonovna@wolff-pouros.ru","kira_antonovna"
"aleksandr_anatolyevich","Александр","Анатольевич","aleksandr_anatolyevich@daugherty-reichel.ru","aleksandr_anatolyevich"
"vshilov63","Вячеслав","Шилов","vshilov63@waelchiandsons.ru","vshilov63"
"ykov.igor","Зыков","Игорь","ykov.igor@block-fahey.ru","ykov.igor"
"drodov_igor","Дроздов","Игорь","drodov_igor@whitewardandheller.ru","drodov_igor"
"ovitalyevich40","Олег","Витальевич","ovitalyevich40@brekke-rippin.ru","ovitalyevich40"
"uuyeva20","Ульяна","Зуева","uuyeva20@hillsandsons.ru","uuyeva20"
"klavdiya_gavrilova","Клавдия","Гаврилова","klavdiya_gavrilova@heaneyandsons.ru","klavdiya_gavrilova"
"denis_viktorovich","Денис","Викторович","denis_viktorovich@block-fahey.ru","denis_viktorovich"
"petukhov_ilya","Петухов","Илья","petukhov_ilya@bradtkeandsons.ru","petukhov_ilya"
"yevgeniya_sidorova","Евгения","Сидорова","yevgeniya_sidorova@waelchiandsons.ru","yevgeniya_sidorova"
"aleksey_igorevich","Алексей","Игоревич","aleksey_igorevich@krajcik-carroll.ru","aleksey_igorevich"
"vasilisa_igorevna","Василиса","Игоревна","vasilisa_igorevna@kutchbeckerandbergnaum.ru","vasilisa_igorevna"
"makarova_anhela","Макарова","Анжела","makarova_anhela@whitewardandheller.ru","makarova_anhela"
"aleksey_denisovich","Алексей","Денисович","aleksey_denisovich@harris-mayert.ru","aleksey_denisovich"
"antonida.huravleva","Антонида","Журавлева","antonida.huravleva@bradtkeandsons.ru","antonida.huravleva"
"filippov.vladislav","Филиппов","Владислав","filippov.vladislav@thiel-stoltenberg.ru","filippov.vladislav"
"yoya37","Ефремова","Зоя","yoya37@hillsandsons.ru","yoya37"
"fomin_eduard","Фомин","Эдуард","fomin_eduard@muller-reichert.ru","fomin_eduard"
"marina.shcherbakova","Марина","Щербакова","marina.shcherbakova@swiftgroup.ru","marina.shcherbakova"
"vdaniilovna12","Вера","Данииловна","vdaniilovna12@ortizbaumbachandlang.ru","vdaniilovna12"
"moroova_marina","Морозова","Марина","moroova_marina@swift-stoltenberg.ru","moroova_marina"
"sorlov8","Семён","Орлов","sorlov8@heaneyandsons.ru","sorlov8"
"grigoriy.krasilnikov","Григорий","Красильников","grigoriy.krasilnikov@block-fahey.ru","grigoriy.krasilnikov"
"oksana.timofeyeva","Оксана","Тимофеева","oksana.timofeyeva@walter-conn.ru","oksana.timofeyeva"
"grigoriy.petukhov","Григорий","Петухов","grigoriy.petukhov@torphybodeandrosenbaum.ru","grigoriy.petukhov"
"osimonova2","Ольга","Симонова","osimonova2@considine-price.ru","osimonova2"
"mamontov_arseniy","Мамонтов","Арсений","mamontov_arseniy@gleichnerbashirianandmann.ru","mamontov_arseniy"
"ilya.solovyev","Илья","Соловьев","ilya.solovyev@blandallc.ru","ilya.solovyev"
"aleksey_kornilov","Алексей","Корнилов","aleksey_kornilov@kutchbeckerandbergnaum.ru","aleksey_kornilov"
"fomin_yaroslav","Фомин","Ярослав","fomin_yaroslav@brekke-rippin.ru","fomin_yaroslav"
"kyegor30","Киселев","Егор","kyegor30@bradtkeandsons.ru","kyegor30"
"lsemnovich55","Леонид","Семёнович","lsemnovich55@brekke-rippin.ru","lsemnovich55"
"snosova38","София","Носова","snosova38@harris-bernhard.ru","snosova38"
"yevseyeva_natalya","Евсеева","Наталья","yevseyeva_natalya@gloverandsons.ru","yevseyeva_natalya"
"mpanfilova86","Марина","Панфилова","mpanfilova86@ortizbaumbachandlang.ru","mpanfilova86"
"nadehda.arsenyevna","Надежда","Арсеньевна","nadehda.arsenyevna@hermannllc.ru","nadehda.arsenyevna"
"yvasilyevich80","Егор","Васильевич","yvasilyevich80@heaneyandsons.ru","yvasilyevich80"
"dorofeyev_aleksandr","Дорофеев","Александр","dorofeyev_aleksandr@whitewardandheller.ru","dorofeyev_aleksandr"
"nina.lebedeva","Нина","Лебедева","nina.lebedeva@kutchbeckerandbergnaum.ru","nina.lebedeva"
"kosheleva.antonina","Кошелева","Антонина","kosheleva.antonina@carter-rice.ru","kosheleva.antonina"
"gkarpov2","Георгий","Карпов","gkarpov2@waelchiandsons.ru","gkarpov2"
"mdmitriy64","Морозов","Дмитрий","mdmitriy64@lindgrendooleyandtoy.ru","mdmitriy64"
"amerkushev76","Андрей","Меркушев","amerkushev76@gloverandsons.ru","amerkushev76"
"hanna_vladimirovna","Жанна","Владимировна","hanna_vladimirovna@kutchbeckerandbergnaum.ru","hanna_vladimirovna"
"igor.vyacheslavovich","Игорь","Вячеславович","igor.vyacheslavovich@runolfsdottir-watsica.ru","igor.vyacheslavovich"
"lalekseyevich84","Леонид","Алексеевич","lalekseyevich84@daugherty-reichel.ru","lalekseyevich84"
"dangelina9","Дмитриева","Ангелина","dangelina9@wolff-pouros.ru","dangelina9"
"shcherbakov_maksim","Щербаков","Максим","shcherbakov_maksim@auer-lockman.ru","shcherbakov_maksim"
"odyachkov99","Олег","Дьячков","odyachkov99@walter-conn.ru","odyachkov99"
"hanna.sysoyeva","Жанна","Сысоева","hanna.sysoyeva@hauck-ebert.ru","hanna.sysoyeva"
"yvasilyevich13","Евгений","Васильевич","yvasilyevich13@braun-lind.ru","yvasilyevich13"
"ssofiya39","Селезнева","София","ssofiya39@quitzoninc.ru","ssofiya39"
"ymargarita33","Евсеева","Маргарита","ymargarita33@considine-price.ru","ymargarita33"
"antonina_nikitichna","Антонина","Никитична","antonina_nikitichna@hauck-ebert.ru","antonina_nikitichna"
"antonova.anfisa","Антонова","Анфиса","antonova.anfisa@gleichnerbashirianandmann.ru","antonova.anfisa"
"ytaisiya0","Ермакова","Таисия","ytaisiya0@stoltenbergllc.ru","ytaisiya0"
"savina_mariya","Савина","Мария","savina_mariya@auer-lockman.ru","savina_mariya"
"akhokhlov81","Алексей","Хохлов","akhokhlov81@hermannllc.ru","akhokhlov81"
"oya.kharitonova","Зоя","Харитонова","oya.kharitonova@gleichnerbashirianandmann.ru","oya.kharitonova"
"lkudryavtseva7","Людмила","Кудрявцева","lkudryavtseva7@swiftgroup.ru","lkudryavtseva7"
"olga.naarova","Ольга","Назарова","olga.naarova@jacobsdoyleandparker.ru","olga.naarova"
"nina.vishnyakova","Нина","Вишнякова","nina.vishnyakova@daugherty-reichel.ru","nina.vishnyakova"
"yermakova_margarita","Ермакова","Маргарита","yermakova_margarita@greengroup.ru","yermakova_margarita"
"yevdokimov.daniil","Евдокимов","Даниил","yevdokimov.daniil@thiel-stoltenberg.ru","yevdokimov.daniil"
"belova.nadehda","Белова","Надежда","belova.nadehda@lebsackmcglynnandherzog.ru","belova.nadehda"
"guyev77","Григорий","Зуев","guyev77@rennerboganandrohan.ru","guyev77"
"sinaida96","Щукина","Зинаида","sinaida96@considine-price.ru","sinaida96"
"fomina.anhela","Фомина","Анжела","fomina.anhela@bergeandsons.ru","fomina.anhela"
"bogdanov_albert","Богданов","Альберт","bogdanov_albert@hermannllc.ru","bogdanov_albert"
"tkonstantin43","Цветков","Константин","tkonstantin43@stoltenbergllc.ru","tkonstantin43"
"gshestakov20","Герман","Шестаков","gshestakov20@will-cartwright.ru","gshestakov20"
"ogrigoryeva5","Оксана","Григорьева","ogrigoryeva5@carter-rice.ru","ogrigoryeva5"
"mikhail.viktorovich","Михаил","Викторович","mikhail.viktorovich@greengroup.ru","mikhail.viktorovich"
"mikheyev.boris","Михеев","Борис","mikheyev.boris@greengroup.ru","mikheyev.boris"
"fokin_arkadiy","Фокин","Аркадий","fokin_arkadiy@braun-lind.ru","fokin_arkadiy"
"dorofeyev_artm","Дорофеев","Артём","dorofeyev_artm@swiftgroup.ru","dorofeyev_artm"
"stamara69","Сергеева","Тамара","stamara69@feeney-ruecker.ru","stamara69"
"romanova.irina","Романова","Ирина","romanova.irina@kutchbeckerandbergnaum.ru","romanova.irina"
"yeliaveta_aleksandrovna","Елизавета","Александровна","yeliaveta_aleksandrovna@muller-reichert.ru","yeliaveta_aleksandrovna"
"vlasov_luka","Власов","Лука","vlasov_luka@bergeandsons.ru","vlasov_luka"
"sergeyeva_lidiya","Сергеева","Лидия","sergeyeva_lidiya@bradtkeandsons.ru","sergeyeva_lidiya"
"nikolay_vyacheslavovich","Николай","Вячеславович","nikolay_vyacheslavovich@brekke-rippin.ru","nikolay_vyacheslavovich"
"alina.vadimovna","Алина","Вадимовна","alina.vadimovna@lindgrendooleyandtoy.ru","alina.vadimovna"
"guseva.rimma","Гусева","Римма","guseva.rimma@hermannllc.ru","guseva.rimma"
"likhacheva_rimma","Лихачева","Римма","likhacheva_rimma@feeney-ruecker.ru","likhacheva_rimma"
"lartmovna75","Любовь","Артёмовна","lartmovna75@rennerboganandrohan.ru","lartmovna75"
"yegor_aleksandrovich","Егор","Александрович","yegor_aleksandrovich@feeney-ruecker.ru","yegor_aleksandrovich"
"belov.stanislav","Белов","Станислав","belov.stanislav@walter-conn.ru","belov.stanislav"
"mvladimirovich65","Матвей","Владимирович","mvladimirovich65@considine-price.ru","mvladimirovich65"
"bivan25","Беляков","Иван","bivan25@quitzoninc.ru","bivan25"
"krimma20","Капустина","Римма","krimma20@heaneyandsons.ru","krimma20"
"blinov_aleksey","Блинов","Алексей","blinov_aleksey@block-fahey.ru","blinov_aleksey"
"olga.vasilyevna","Ольга","Васильевна","olga.vasilyevna@swiftgroup.ru","olga.vasilyevna"
"bartm73","Баранов","Артём","bartm73@ortizbaumbachandlang.ru","bartm73"
"muravyev_vladimir","Муравьев","Владимир","muravyev_vladimir@lebsackmcglynnandherzog.ru","muravyev_vladimir"
"saonova_oya","Сазонова","Зоя","saonova_oya@ortizbaumbachandlang.ru","saonova_oya"
"martynov_maksim","Мартынов","Максим","martynov_maksim@schummllc.ru","martynov_maksim"
"andrey_alekseyevich","Андрей","Алексеевич","andrey_alekseyevich@morarconnandgrady.ru","andrey_alekseyevich"
"gdoronin41","Геннадий","Доронин","gdoronin41@block-fahey.ru","gdoronin41"
"rybakova_anhelika","Рыбакова","Анжелика","rybakova_anhelika@hermannllc.ru","rybakova_anhelika"
"potapov_makar","Потапов","Макар","potapov_makar@upton-thompson.ru","potapov_makar"
"msvetlana14","Мартынова","Светлана","msvetlana14@harris-bernhard.ru","msvetlana14"
"lstanislavovich26","Лука","Станиславович","lstanislavovich26@quitzoninc.ru","lstanislavovich26"
"turova.oya","Турова","Зоя","turova.oya@hansencollinsandking.ru","turova.oya"
"baranova.svetlana","Баранова","Светлана","baranova.svetlana@bergeandsons.ru","baranova.svetlana"
"drodova12","Жанна","Дроздова","drodova12@feeney-ruecker.ru","drodova12"
"belyayev_stanislav","Беляев","Станислав","belyayev_stanislav@daugherty-reichel.ru","belyayev_stanislav"
"fedotov_yaroslav","Федотов","Ярослав","fedotov_yaroslav@thiel-stoltenberg.ru","fedotov_yaroslav"
"inaida.semnovna","Зинаида","Семёновна","inaida.semnovna@swiftgroup.ru","inaida.semnovna"
"naumov_valentin","Наумов","Валентин","naumov_valentin@runolfsdottir-watsica.ru","naumov_valentin"
"vmelnikova50","Валерия","Мельникова","vmelnikova50@jacobsdoyleandparker.ru","vmelnikova50"
"uvarova_anna","Уварова","Анна","uvarova_anna@braun-lind.ru","uvarova_anna"
"yermakova82","Жанна","Ермакова","yermakova82@lebsackmcglynnandherzog.ru","yermakova82"
"timofeyev.valeriy","Тимофеев","Валерий","timofeyev.valeriy@bradtkeandsons.ru","timofeyev.valeriy"
"arina_strelkova","Арина","Стрелкова","arina_strelkova@konopelski-cormier.ru","arina_strelkova"
"panatoliy5","Петров","Анатолий","panatoliy5@gleichnerbashirianandmann.ru","panatoliy5"
"alekseyeva.lidiya","Алексеева","Лидия","alekseyeva.lidiya@muller-reichert.ru","alekseyeva.lidiya"
"svetlana51","Жукова","Светлана","svetlana51@brekke-rippin.ru","svetlana51"
"kolobov.ilya","Колобов","Илья","kolobov.ilya@johnsonkonopelskiandgoyette.ru","kolobov.ilya"
"mariya_agafonova","Мария","Агафонова","mariya_agafonova@johnsonkonopelskiandgoyette.ru","mariya_agafonova"
"irina.dmitriyevna","Ирина","Дмитриевна","irina.dmitriyevna@schummllc.ru","irina.dmitriyevna"
"fokin.mikhail","Фокин","Михаил","fokin.mikhail@swiftgroup.ru","fokin.mikhail"
"angelina.hukova","Ангелина","Жукова","angelina.hukova@ortizbaumbachandlang.ru","angelina.hukova"
"yelena_vladimirova","Елена","Владимирова","yelena_vladimirova@wolff-pouros.ru","yelena_vladimirova"
"melnikova_galina","Мельникова","Галина","melnikova_galina@heaneyandsons.ru","melnikova_galina"
"lalbert29","Логинов","Альберт","lalbert29@example.com","lalbert29"
"tivan37","Тарасов","Иван","tivan37@wolff-pouros.ru","tivan37"
"vitaliy.filippov","Виталий","Филиппов","vitaliy.filippov@johnsonkonopelskiandgoyette.ru","vitaliy.filippov"
"gordeyeva.nadehda","Гордеева","Надежда","gordeyeva.nadehda@willmsandsons.ru","gordeyeva.nadehda"
"alla.igorevna","Алла","Игоревна","alla.igorevna@jacobsdoyleandparker.ru","alla.igorevna"
"nikita_daniilovich","Никита","Даниилович","nikita_daniilovich@quitzoninc.ru","nikita_daniilovich"
"snikita82","Семенов","Никита","snikita82@gleichnerbashirianandmann.ru","snikita82"
"andrey_borisovich","Андрей","Борисович","andrey_borisovich@krajcik-carroll.ru","andrey_borisovich"
"irina_ignatyevna","Ирина","Игнатьевна","irina_ignatyevna@harris-mayert.ru","irina_ignatyevna"
"barina70","Белоусова","Арина","barina70@konopelski-cormier.ru","barina70"
"bvasilisa52","Белякова","Василиса","bvasilisa52@will-cartwright.ru","bvasilisa52"
"nignatyevna61","Нина","Игнатьевна","nignatyevna61@lebsackmcglynnandherzog.ru","nignatyevna61"
"pdaniil53","Панов","Даниил","pdaniil53@hansencollinsandking.ru","pdaniil53"
"veselov.matvey","Веселов","Матвей","veselov.matvey@considine-price.ru","veselov.matvey"
"nosov_konstantin","Носов","Константин","nosov_konstantin@gleichnerbashirianandmann.ru","nosov_konstantin"
"kira_simonova","Кира","Симонова","kira_simonova@waelchiandsons.ru","kira_simonova"
"vasilyev.ivan","Васильев","Иван","vasilyev.ivan@krajcik-carroll.ru","vasilyev.ivan"
"dfdorovich19","Денис","Фёдорович","dfdorovich19@auer-lockman.ru","dfdorovich19"
"lantonovna49","Лидия","Антоновна","lantonovna49@bergeandsons.ru","lantonovna49"
"nadehda.makarovna","Надежда","Макаровна","nadehda.makarovna@kutchbeckerandbergnaum.ru","nadehda.makarovna"
"konstantin_artmovich","Константин","Артёмович","konstantin_artmovich@braun-lind.ru","konstantin_artmovich"
"lborisov24","Лаврентий","Борисов","lborisov24@ortizbaumbachandlang.ru","lborisov24"
"vasilisa_andreyevna","Василиса","Андреевна","vasilisa_andreyevna@bradtkeandsons.ru","vasilisa_andreyevna"
"lveronika56","Лапина","Вероника","lveronika56@lebsackmcglynnandherzog.ru","lveronika56"
"kdarya22","Харитонова","Дарья","kdarya22@daugherty-reichel.ru","kdarya22"
"ivanova.mariya","Иванова","Мария","ivanova.mariya@runolfsdottir-watsica.ru","ivanova.mariya"
"prokhorov_denis","Прохоров","Денис","prokhorov_denis@lebsackmcglynnandherzog.ru","prokhorov_denis"
"varsenyevich56","Василий","Арсеньевич","varsenyevich56@gloverandsons.ru","varsenyevich56"
"selenev.aleksandr","Селезнев","Александр","selenev.aleksandr@wolff-pouros.ru","selenev.aleksandr"
"valentina.sergeyevna","Валентина","Сергеевна","valentina.sergeyevna@greengroup.ru","valentina.sergeyevna"
"andreyev_ilya","Андреев","Илья","andreyev_ilya@greengroup.ru","andreyev_ilya"
"kaleksandrovna59","Кира","Александровна","kaleksandrovna59@runolfsdottir-watsica.ru","kaleksandrovna59"
"komarov_igor","Комаров","Игорь","komarov_igor@daugherty-reichel.ru","komarov_igor"
"mveronika1","Михеева","Вероника","mveronika1@krajcik-carroll.ru","mveronika1"
"vorobyeva.anhela","Воробьева","Анжела","vorobyeva.anhela@hudsonkreigerandkling.ru","vorobyeva.anhela"
"hanna36","Зиновьева","Жанна","hanna36@feeney-ruecker.ru","hanna36"
"lukin_stanislav","Лукин","Станислав","lukin_stanislav@quitzoninc.ru","lukin_stanislav"
"samoylova.varvara","Самойлова","Варвара","samoylova.varvara@greengroup.ru","samoylova.varvara"
"rybakov_lavrentiy","Рыбаков","Лаврентий","rybakov_lavrentiy@blandallc.ru","rybakov_lavrentiy"
"dsaonov26","Даниил","Сазонов","dsaonov26@swift-stoltenberg.ru","dsaonov26"
"bartm24","Блохин","Артём","bartm24@lebsackmcglynnandherzog.ru","bartm24"
"avdeyev.andrey","Авдеев","Андрей","avdeyev.andrey@quitzoninc.ru","avdeyev.andrey"
"lyubov_rusakova","Любовь","Русакова","lyubov_rusakova@daugherty-reichel.ru","lyubov_rusakova"
"yvladislav97","Евсеев","Владислав","yvladislav97@schummllc.ru","yvladislav97"
"bobylev.arkadiy","Бобылев","Аркадий","bobylev.arkadiy@daugherty-reichel.ru","bobylev.arkadiy"
"varvara_matveyevna","Варвара","Матвеевна","varvara_matveyevna@runolfsdottir-watsica.ru","varvara_matveyevna"
"nadehda_yaroslavovna","Надежда","Ярославовна","nadehda_yaroslavovna@greengroup.ru","nadehda_yaroslavovna"
"stanislav.arkadyevich","Станислав","Аркадьевич","stanislav.arkadyevich@konopelski-cormier.ru","stanislav.arkadyevich"
"veduardovich66","Вячеслав","Эдуардович","veduardovich66@hudson-cormier.ru","veduardovich66"
"uivanovna10","Ульяна","Ивановна","uivanovna10@wolff-pouros.ru","uivanovna10"
"rsergey97","Романов","Сергей","rsergey97@walter-conn.ru","rsergey97"
"teterin_andrey","Тетерин","Андрей","teterin_andrey@wolff-pouros.ru","teterin_andrey"
"sobolev_boris","Соболев","Борис","sobolev_boris@brekke-rippin.ru","sobolev_boris"
"gerasimova_anhela","Герасимова","Анжела","gerasimova_anhela@johnsonkonopelskiandgoyette.ru","gerasimova_anhela"
"aytsev.oleg","Зайцев","Олег","aytsev.oleg@gloverandsons.ru","aytsev.oleg"
"aleksandra.kalashnikova","Александра","Калашникова","aleksandra.kalashnikova@braun-lind.ru","aleksandra.kalashnikova"
"gignatiy48","Горбунов","Игнатий","gignatiy48@braun-lind.ru","gignatiy48"
"kondratyeva.oya","Кондратьева","Зоя","kondratyeva.oya@harris-mayert.ru","kondratyeva.oya"
"ivaleriy7","Игнатьев","Валерий","ivaleriy7@krajcik-carroll.ru","ivaleriy7"
"lyudmila.turova","Людмила","Турова","lyudmila.turova@whitewardandheller.ru","lyudmila.turova"
"abramov_nikita","Абрамов","Никита","abramov_nikita@johnsonkonopelskiandgoyette.ru","abramov_nikita"
"banfisa22","Беляева","Анфиса","banfisa22@walter-conn.ru","banfisa22"
"danilova.yeliaveta","Данилова","Елизавета","danilova.yeliaveta@hansencollinsandking.ru","danilova.yeliaveta"
"apetukhov81","Альберт","Петухов","apetukhov81@auer-lockman.ru","apetukhov81"
"sfdor1","Соболев","Фёдор","sfdor1@schummllc.ru","sfdor1"
"vadim_yegorovich","Вадим","Егорович","vadim_yegorovich@harris-mayert.ru","vadim_yegorovich"
"mironov.valeriy","Миронов","Валерий","mironov.valeriy@doyleinc.ru","mironov.valeriy"
"egermanovich77","Эдуард","Германович","egermanovich77@auer-lockman.ru","egermanovich77"
