"login","first_name","last_name","email","password"
"konovalova.valeriya","Коновалова","Валерия","konovalova.valeriya@gleichnerbashirianandmann.ru","konovalova.valeriya"
"stanislav_aksenov","Станислав","Аксенов","stanislav_aksenov@considine-price.ru","stanislav_aksenov"
"eduard.belousov","Эдуард","Белоусов","eduard.belousov@bradtkeandsons.ru","eduard.belousov"
"anna.vasilyeva","Анна","Васильева","anna.vasilyeva@block-fahey.ru","anna.vasilyeva"
"myevgeniy59","Марков","Евгений","myevgeniy59@blandallc.ru","myevgeniy59"
"alla_viktorovna","Алла","Викторовна","alla_viktorovna@swiftgroup.ru","alla_viktorovna"
"daniil.bragin","Даниил","Брагин","daniil.bragin@morarconnandgrady.ru","daniil.bragin"
"sdaniil77","Суханов","Даниил","sdaniil77@blandallc.ru","sdaniil77"
"valeriy.samoylov","Валерий","Самойлов","valeriy.samoylov@willmsandsons.ru","valeriy.samoylov"
"vgalina55","Вишнякова","Галина","vgalina55@auer-lockman.ru","vgalina55"
"msamsonova84","Маргарита","Самсонова","msamsonova84@ortizbaumbachandlang.ru","msamsonova84"
"strelkov_yegor","Стрелков","Егор","strelkov_yegor@will-cartwright.ru","strelkov_yegor"
"plavrentiy59","Павлов","Лаврентий","plavrentiy59@ortizbaumbachandlang.ru","plavrentiy59"
"danilova.larisa","Данилова","Лариса","danilova.larisa@morarconnandgrady.ru","danilova.larisa"
"gerasimov.andrey","Герасимов","Андрей","gerasimov.andrey@muller-reichert.ru","gerasimov.andrey"
"dorofeyeva95","Зоя","Дорофеева","dorofeyeva95@hauck-ebert.ru","dorofeyeva95"
"borlov20","Борис","Орлов","borlov20@greengroup.ru","borlov20"
"tafanasyeva50","Татьяна","Афанасьева","tafanasyeva50@hauck-ebert.ru","tafanasyeva50"
"yevgeniy.lukich","Евгений","Лукич","yevgeniy.lukich@lindgrendooleyandtoy.ru","yevgeniy.lukich"
"valentin_gerasimov","Валентин","Герасимов","valentin_gerasimov@stoltenbergllc.ru","valentin_gerasimov"
"bolshakova_anhelika","Большакова","Анжелика","bolshakova_anhelika@heaneyandsons.ru","bolshakova_anhelika"
"idmitriyevich90","Игорь","Дмитриевич","idmitriyevich90@jacobsdoyleandparker.ru","idmitriyevich90"
"melnikova_galina","Мельникова","Галина","melnikova_galina@doyleinc.ru","melnikova_galina"
"artm_stepanovich","Артём","Степанович","artm_stepanovich@hudson-cormier.ru","artm_stepanovich"
"artm.sorokin","Артём","Сорокин","artm.sorokin@upton-thompson.ru","artm.sorokin"
"makarova_yevgeniya","Макарова","Евгения","makarova_yevgeniya@willmsandsons.ru","makarova_yevgeniya"
"filatova_kira","Филатова","Кира","filatova_kira@kutchbeckerandbergnaum.ru","filatova_kira"
"denisova.yuliya","Денисова","Юлия","denisova.yuliya@lindgrendooleyandtoy.ru","denisova.yuliya"
"maksimov_daniil","Максимов","Даниил","maksimov_daniil@feeney-ruecker.ru","maksimov_daniil"
"ktatyana46","Корнилова","Татьяна","ktatyana46@block-fahey.ru","ktatyana46"
"aleksandr_valentinovich","Александр","Валентинович","aleksandr_valentinovich@daugherty-reichel.ru","aleksandr_valentinovich"
"ivan_voronov","Иван","Воронов","ivan_voronov@brekke-rippin.ru","ivan_voronov"
"avarvara35","Авдеева","Варвара","avarvara35@braun-lind.ru","avarvara35"
"aleksandra.makarova","Александра","Макарова","aleksandra.makarova@daugherty-reichel.ru","aleksandra.makarova"
"anatoliy.volkov","Анатолий","Волков","anatoliy.volkov@whitewardandheller.ru","anatoliy.volkov"
"mrogova9","Мария","Рогова","mrogova9@auer-lockman.ru","mrogova9"
"gavrilova.aleksandra","Гаврилова","Александра","gavrilova.aleksandra@bradtkeandsons.ru","gavrilova.aleksandra"
"beduard45","Буров","Эдуард","beduard45@hermannllc.ru","beduard45"
"shiryayev_gennadiy","Ширяев","Геннадий","shiryayev_gennadiy@stoltenbergllc.ru","shiryayev_gennadiy"
"aytseva.ulyana","Зайцева","Ульяна","aytseva.ulyana@feeney-ruecker.ru","aytseva.ulyana"
"gordeyeva.viktoriya","Гордеева","Виктория","gordeyeva.viktoriya@upton-thompson.ru","gordeyeva.viktoriya"
"mmatveyevna50","Марина","Матвеевна","mmatveyevna50@auer-lockman.ru","mmatveyevna50"
"vorobyeva.hanna","Воробьева","Жанна","vorobyeva.hanna@swiftgroup.ru","vorobyeva.hanna"
"kolobov_yuriy","Колобов","Юрий","kolobov_yuriy@hermannllc.ru","kolobov_yuriy"
"alevtina.petukhova","Алевтина","Петухова","alevtina.petukhova@gloverandsons.ru","alevtina.petukhova"
"pyevgeniy84","Петров","Евгений","pyevgeniy84@rennerboganandrohan.ru","pyevgeniy84"
"gulyayeva_galina","Гуляева","Галина","gulyayeva_galina@auer-lockman.ru","gulyayeva_galina"
"igennadiy17","Иванов","Геннадий","igennadiy17@konopelski-cormier.ru","igennadiy17"
"valentin.olegovich","Валентин","Олегович","valentin.olegovich@daugherty-reichel.ru","valentin.olegovich"
"byevseyev29","Борис","Евсеев","byevseyev29@hansencollinsandking.ru","byevseyev29"
"pgalina85","Прохорова","Галина","pgalina85@bergeandsons.ru","pgalina85"
"viktor.hdanov","Виктор","Жданов","viktor.hdanov@gloverandsons.ru","viktor.hdanov"
"strelkova_nina","Стрелкова","Нина","strelkova_nina@will-cartwright.ru","strelkova_nina"
"rvalentina4","Рогова","Валентина","rvalentina4@bergeandsons.ru","rvalentina4"
"mikhaylov.oleg","Михайлов","Олег","mikhaylov.oleg@harris-mayert.ru","mikhaylov.oleg"
"seleneva_alla","Селезнева","Алла","seleneva_alla@runolfsdottir-watsica.ru","seleneva_alla"
"akonstantinova78","Антонина","Константинова","akonstantinova78@rennerboganandrohan.ru","akonstantinova78"
"shanna59","Щукина","Жанна","shanna59@lindgrendooleyandtoy.ru","shanna59"
"yaroslav.yegorovich","Ярослав","Егорович","yaroslav.yegorovich@wolff-pouros.ru","yaroslav.yegorovich"
"oksana_voronova","Оксана","Воронова","oksana_voronova@carter-rice.ru","oksana_voronova"
"ylytkin49","Егор","Лыткин","ylytkin49@ortizbaumbachandlang.ru","ylytkin49"
"bsofiya63","Богданова","София","bsofiya63@thiel-stoltenberg.ru","bsofiya63"
"ystepanovna84","Евгения","Степановна","ystepanovna84@konopelski-cormier.ru","ystepanovna84"
"iilich68","Игнатий","Ильич","iilich68@lindgrendooleyandtoy.ru","iilich68"
"vorobyeva.oya","Воробьева","Зоя","vorobyeva.oya@braun-lind.ru","vorobyeva.oya"
"konstantin_arkhipov","Константин","Архипов","konstantin_arkhipov@rennerboganandrohan.ru","konstantin_arkhipov"
"filippova_lyudmila","Филиппова","Людмила","filippova_lyudmila@kutchbeckerandbergnaum.ru","filippova_lyudmila"
"nirina68","Никифорова","Ирина","nirina68@torphybodeandrosenbaum.ru","nirina68"
"shcherbakov.vasiliy","Щербаков","Василий","shcherbakov.vasiliy@krajcik-carroll.ru","shcherbakov.vasiliy"
"volkov_vasiliy","Волков","Василий","volkov_vasiliy@hudson-cormier.ru","volkov_vasiliy"
"auvarova40","Арина","Уварова","auvarova40@swiftgroup.ru","auvarova40"
"adenisovich77","Александр","Денисович","adenisovich77@gloverandsons.ru","adenisovich77"
"fdor_germanovich","Фёдор","Германович","fdor_germanovich@willmsandsons.ru","fdor_germanovich"
"msokolov93","Михаил","Соколов","msokolov93@heaneyandsons.ru","msokolov93"
"yevgeniy.kolov","Евгений","Козлов","yevgeniy.kolov@blandallc.ru","yevgeniy.kolov"
"makarov_vladislav","Макаров","Владислав","makarov_vladislav@block-fahey.ru","makarov_vladislav"
"kyevgeniy84","Комаров","Евгений","kyevgeniy84@hudson-cormier.ru","kyevgeniy84"
"gdenisovna9","Галина","Денисовна","gdenisovna9@morarconnandgrady.ru","gdenisovna9"
"oleg.baranov","Олег","Баранов","oleg.baranov@schummllc.ru","oleg.baranov"
"syevgeniya44","Шашкова","Евгения","syevgeniya44@hansencollinsandking.ru","syevgeniya44"
"yelena.noskova","Елена","Носкова","yelena.noskova@example.com","yelena.noskova"
"koshelev_valeriy","Кошелев","Валерий","koshelev_valeriy@hudson-cormier.ru","koshelev_valeriy"
"medvedeva_anna","Медведева","Анна","medvedeva_anna@hauck-ebert.ru","medvedeva_anna"
"dorofeyev_valeriy","Дорофеев","Валерий","dorofeyev_valeriy@kutchbeckerandbergnaum.ru","dorofeyev_valeriy"
"arseniy_lavrentyevich","Арсений","Лаврентьевич","arseniy_lavrentyevich@hermannllc.ru","arseniy_lavrentyevich"
"valentin_georgiyevich","Валентин","Георгиевич","valentin_georgiyevich@hillsandsons.ru","valentin_georgiyevich"
"soboleva.nina","Соболева","Нина","soboleva.nina@doyleinc.ru","soboleva.nina"
"stepan.akharov","Степан","Захаров","stepan.akharov@thiel-stoltenberg.ru","stepan.akharov"
"oaleksandr91","Орлов","Александр","oaleksandr91@carter-rice.ru","oaleksandr91"
"veronika.yaroslavovna","Вероника","Ярославовна","veronika.yaroslavovna@swiftgroup.ru","veronika.yaroslavovna"
"taisiya.kulagina","Таисия","Кулагина","taisiya.kulagina@greengroup.ru","taisiya.kulagina"
"pvasilisa59","Потапова","Василиса","pvasilisa59@whitewardandheller.ru","pvasilisa59"
"yeliaveta.semnovna","Елизавета","Семёновна","yeliaveta.semnovna@waelchiandsons.ru","yeliaveta.semnovna"
"aleksey.hukov","Алексей","Жуков","aleksey.hukov@runolfsdottir-watsica.ru","aleksey.hukov"
"olga_laareva","Ольга","Лазарева","olga_laareva@harris-bernhard.ru","olga_laareva"
"anna31","Зыкова","Анна","anna31@swiftgroup.ru","anna31"
"kovaleva_kseniya","Ковалева","Ксения","kovaleva_kseniya@hauck-ebert.ru","kovaleva_kseniya"
"moiseyeva.lidiya","Моисеева","Лидия","moiseyeva.lidiya@doyleinc.ru","moiseyeva.lidiya"
"kulikov.nikolay","Куликов","Николай","kulikov.nikolay@stoltenbergllc.ru","kulikov.nikolay"
"aakharova46","Ангелина","Захарова","aakharova46@runolfsdottir-watsica.ru","aakharova46"
